kod,nazwa,dlugosc_geograficzna,szerokosc_geograficzna,nazwa_rzeki,rok_1951,rok_1952,rok_1953,rok_1954,rok_1955,rok_1956,rok_1957,rok_1958,rok_1959,rok_1960,rok_1961,rok_1962,rok_1963,rok_1964,rok_1965,rok_1966,rok_1967,rok_1968,rok_1969,rok_1970,rok_1971,rok_1972,rok_1973,rok_1974,rok_1975,rok_1976,rok_1977,rok_1978,rok_1979,rok_1980,rok_1981,rok_1982,rok_1983,rok_1984,rok_1985,rok_1986,rok_1987,rok_1988,rok_1989,rok_1990,rok_1991,rok_1992,rok_1993,rok_1994,rok_1995,rok_1996,rok_1997,rok_1998,rok_1999,rok_2000,rok_2001,rok_2002,rok_2003,rok_2004,rok_2005,rok_2006,rok_2007,rok_2008,rok_2009,rok_2010,rok_2011,rok_2012,rok_2013,rok_2014,rok_2015,rok_2016,rok_2017,rok_2018,rok_2019,rok_2020,rok_2021,rok_2022,rok_2023,rok_2024,rok_2025,rok_2026,rok_2027,rok_2028,rok_2029,rok_2030
3150,BABIMOST,15 47,52 08,OBRZYCA,-,-,-,-,-,-,-,-,-,-,-,-,-,-,-,-,-,-,-,-,-,-,-,-,-,-,-,-,-,-,-,-,-,-,-,K,K,K,K,-,-,-,-,-,-,-,-,-,-,-,-,-,-,-,-,-,-,-,-,-,-,-,-,-,-,-,-,-,-,-,-,-,-,-,-,-,-,-,-,-
3152,BABIMOST,15 47 46,52 08 24,OBRZYCA,-,-,-,-,-,-,-,-,-,-,-,-,-,-,-,-,-,-,-,-,-,-,-,-,-,-,-,-,-,-,-,-,-,-,-,-,-,-,-,-,-,-,-,-,-,-,-,-,-,-,-,-,-,-,-,-,-,-,-,-,-,-,N,K,K,K,K,K,K,K,K,K,K,K,K,N,-,-,-,-
6808,BALIGRÓD-MCHAWA,22 17,49 21,JABŁONKA,-,-,-,-,-,K,K,K,K,K,K,K,K,K,K,K,K,K,K,K,K,K,K,K,K,K,K,K,K,K,K,K,K,K,K,K,K,K,K,K,N,K,K,K,K,K,K,K,K,K,K,K,K,K,K,K,K,K,K,K,K,K,K,K,N,-,-,-,-,-,-,-,-,-,-,-,-,-,-,-
6708,BARWINEK,21 41,49 26,PANNA,-,-,-,-,-,K,K,K,K,K,K,K,K,K,K,K,K,K,K,K,K,K,K,K,K,K,K,K,K,K,K,K,K,K,K,K,K,K,K,N,N,N,N,N,K,N,K,K,K,K,K,K,K,K,K,K,K,K,K,K,K,K,K,K,N,-,-,-,-,-,-,-,-,-,-,-,-,-,-,-
4505,BEŁCHATÓW,19 22,51 24,WIDAWKA,-,-,-,-,-,-,-,-,-,-,-,-,-,-,-,-,-,-,-,-,-,-,-,-,-,-,-,-,-,-,-,-,-,-,-,K,K,K,K,K,K,K,K,K,N,-,-,-,-,-,-,-,-,-,-,-,-,-,-,-,-,-,-,-,-,-,-,-,-,-,-,-,-,-,-,-,-,-,-,-
4902,BEZEK,23 16,51 11,MOGILNICA,-,-,-,-,-,-,-,-,-,-,-,-,-,-,-,-,-,-,-,-,-,-,-,-,-,-,-,-,-,-,-,-,-,-,-,K,K,K,K,K,K,K,K,K,K,K,K,K,K,K,K,K,K,K,K,K,K,K,K,K,K,K,K,K,N,-,-,-,-,-,-,-,-,-,-,-,-,-,-,-
3903,BIAŁA PODLASKA,23 05,52 02,KRZNA,K,K,K,K,K,K,K,K,K,K,K,K,K,K,K,K,K,K,K,K,K,K,K,K,K,K,K,K,K,K,K,K,K,K,K,K,K,K,K,K,K,K,K,K,K,K,K,K,K,N,-,-,-,-,-,-,-,-,-,-,-,-,-,-,-,-,-,-,-,-,-,-,-,-,-,-,-,-,-,-
1101,BIAŁOGARD,15 59,54 00,PARSĘTA,-,-,-,-,-,-,-,-,-,-,-,-,-,-,-,-,-,-,-,-,-,-,-,-,-,-,-,-,-,-,-,-,-,-,-,-,-,K,K,K,K,N,-,-,-,-,-,-,-,-,-,-,-,-,-,-,-,-,-,-,-,-,-,-,-,-,-,-,-,-,-,-,-,-,-,-,-,-,-,-
3902,BIAŁOWIEŻA,23 51,52 42,NAREWKA,K,K,K,K,K,-,K,K,K,K,K,K,K,K,K,K,K,K,K,K,K,K,K,K,K,K,K,K,K,K,K,K,K,K,K,K,K,K,K,K,K,K,K,K,K,K,K,K,K,K,K,K,K,K,K,K,K,K,K,K,K,K,K,K,K,K,K,K,K,K,K,K,K,N,-,-,-,-,-,-
295,BIAŁYSTOK,23 09 44,53 06 26,BIAŁA,K,K,K,K,K,K,K,K,K,K,K,K,K,K,K,-,-,-,-,-,-,-,-,-,-,-,-,-,-,-,-,-,-,-,-,-,-,-,-,-,-,-,-,-,-,-,-,-,-,-,-,-,-,-,-,-,-,-,-,-,-,-,-,-,-,-,-,-,-,-,-,-,-,-,-,-,-,-,-,-
2802,BIEBRZA-PIEŃCZYKÓWEK,22 36,53 39,EŁK,-,-,-,-,-,N,K,K,K,K,K,K,K,K,K,K,K,K,K,K,K,K,K,K,K,K,K,K,K,K,K,K,K,K,K,K,K,K,K,K,K,K,K,K,K,K,K,K,K,K,K,K,K,K,K,K,K,K,K,K,K,K,K,K,K,K,K,K,K,K,K,K,K,N,-,-,-,-,-,-
6702,BIECZ-GRUDNA,21 15,49 44,WISŁOKA,-,-,-,-,-,K,K,K,K,K,K,K,K,K,K,K,K,K,K,K,K,K,K,K,K,K,K,K,K,K,K,K,K,K,K,K,K,K,K,K,K,K,K,K,K,K,K,K,K,K,K,K,K,K,K,K,K,K,K,K,K,K,K,K,N,-,-,-,-,-,-,-,-,-,-,-,-,-,-,-
3901,BIELSK PODLASKI,23 10,52 46,NAREW,-,-,-,-,-,-,-,-,-,-,K,K,K,K,K,K,K,K,K,K,K,K,K,K,K,K,K,K,K,K,K,K,K,K,K,K,K,K,K,K,K,N,N,-,-,-,-,-,-,-,-,-,-,-,-,-,-,-,-,-,-,-,-,-,-,-,-,-,-,-,-,-,-,-,-,-,-,-,-,-
600,BIELSKO-BIAŁA,19 00 04,49 48 29,BIAŁA,K,K,K,K,K,K,K,K,K,K,K,K,K,K,K,-,-,-,-,-,-,-,-,-,-,-,-,-,-,-,-,-,-,-,-,-,-,-,-,-,-,-,-,-,-,-,-,-,-,-,-,-,-,-,-,-,-,-,-,-,-,-,-,-,-,-,-,-,-,-,-,-,-,-,-,-,-,-,-,-
5508,BIERUŃ STARY,19 06,50 05,WISŁA,-,-,-,-,-,-,-,-,-,-,K,K,K,K,K,K,K,K,K,K,K,K,K,K,K,K,K,K,K,K,K,K,K,K,K,K,K,K,K,K,K,K,K,K,K,K,K,K,K,K,K,K,K,K,K,K,K,K,K,K,K,K,K,K,N,-,-,-,-,-,-,-,-,-,-,-,-,-,-,-
6803,BIRCZA,22 29,49 41,SAN,-,-,-,-,-,-,-,-,-,-,K,K,K,K,K,K,K,K,K,K,K,K,K,K,K,K,K,K,K,K,N,K,K,K,K,K,K,K,K,K,N,K,K,K,K,K,N,-,-,-,-,-,-,-,-,-,-,-,-,-,-,-,-,-,-,-,-,-,-,-,-,-,-,-,-,-,-,-,-,-
2601,BISKUPIEC,20 59,53 51,JEZ.DADAJ,-,-,-,-,-,-,-,-,-,-,K,K,N,K,K,K,K,K,K,K,K,K,K,K,K,K,K,K,K,K,K,K,-,-,-,K,-,-,-,-,-,-,-,-,-,-,-,-,-,-,-,-,-,-,-,-,-,-,-,-,-,-,-,-,-,-,-,-,-,-,-,-,-,-,-,-,-,-,-,-
3301,BOBROWNIKI,17 08,52 49,WEŁNA,-,-,-,-,-,-,-,-,-,-,-,-,-,-,-,-,-,-,-,-,-,-,-,-,-,-,-,-,-,-,-,-,-,-,-,-,K,K,K,K,K,K,K,K,N,-,-,-,-,-,-,-,-,-,-,-,-,-,-,-,-,-,-,-,-,-,-,-,-,-,-,-,-,-,-,-,-,-,-,-
6601,BOCHNIA,20 24,49 59,RABA,-,-,-,-,-,-,-,-,-,-,K,K,K,K,K,K,K,K,K,K,K,K,K,K,K,K,K,K,K,K,N,-,K,K,N,K,K,N,-,-,-,-,-,-,-,-,-,-,-,-,-,-,-,-,-,-,-,-,-,-,-,-,-,-,-,-,-,-,-,-,-,-,-,-,-,-,-,-,-,-
5601,BODZENTYN,20 57,50 57,KAMIENNA,-,-,-,-,-,-,-,-,-,-,-,-,-,-,-,-,-,-,-,-,-,-,-,-,-,-,-,-,-,-,K,K,K,K,K,K,K,K,K,K,K,K,K,K,K,K,K,K,K,K,K,K,K,K,K,K,K,K,K,K,K,K,K,K,N,-,-,-,-,-,-,-,-,-,-,-,-,-,-,-
5001,BOGATYNIA,14 59,50 54,NYSA ŁUŻYCKA,-,-,-,-,-,-,-,-,-,-,-,-,-,-,-,-,-,-,-,-,-,-,-,-,-,-,-,-,-,-,-,-,-,-,-,K,K,N,-,-,N,K,K,K,K,K,K,K,K,K,K,K,K,K,K,K,K,K,K,K,K,K,K,K,-,-,-,-,-,-,-,-,-,-,-,-,-,-,-,-
5702,BOGUSŁAWICE,21 25,50 51,KAMIENNA,-,-,-,-,-,-,-,-,-,-,-,-,-,-,-,-,-,-,-,-,-,-,-,-,-,-,-,-,-,-,-,-,-,-,-,K,K,K,K,K,K,K,K,K,-,-,-,-,-,-,-,-,-,-,-,-,-,-,-,-,-,-,-,-,-,-,-,-,-,-,-,-,-,-,-,-,-,-,-,-
5252,BOLESŁAWÓW,16 53,50 15,NYSA KŁODZKA,-,-,-,-,-,-,-,-,-,-,-,-,-,-,-,-,-,-,-,-,-,-,-,-,-,-,-,-,-,-,-,-,-,-,-,-,-,-,K,K,K,K,K,K,K,K,K,K,K,K,K,K,K,K,K,K,K,K,K,K,K,K,K,K,-,-,-,-,-,-,-,-,-,-,-,-,-,-,-,-
1351,BORUCINO,17 59 28,54 15 12,MARTWA WISŁA,-,-,-,-,-,-,-,-,-,-,-,-,-,-,-,-,-,-,-,-,-,-,-,-,-,-,-,-,-,-,-,-,-,-,-,-,-,-,-,-,-,-,-,-,-,-,-,-,-,-,-,-,-,-,N,K,K,K,K,K,K,K,K,K,K,K,K,K,K,K,K,-,-,-,-,-,-,-,-,-
5606,BORUSOWA,20 48,50 17,WISŁA,-,-,-,-,-,-,-,-,-,-,K,K,K,K,K,K,K,K,K,K,K,K,K,K,K,K,K,K,K,K,K,K,K,K,K,K,K,K,N,N,K,K,K,K,K,K,K,K,K,K,K,K,K,K,K,K,K,K,K,K,K,K,K,K,K,N,N,K,K,K,N,N,N,-,-,-,-,-,-,-
6451,BRENNA,18 52 18,49 45 15,LEŚNICA,-,-,-,-,-,-,-,-,-,-,-,-,-,-,-,-,-,-,-,-,-,-,-,-,-,-,-,-,-,-,-,-,-,-,K,K,K,K,K,K,K,K,K,K,K,K,N,K,K,N,K,K,K,K,K,K,K,K,K,K,K,K,K,K,K,K,K,K,K,K,K,K,K,K,-,-,-,-,-,-
3608,BRWINÓW,20 43,52 08,BZURA,-,-,-,-,-,-,-,-,-,-,K,K,K,K,K,K,K,K,K,K,K,K,K,K,K,K,K,K,K,K,K,K,K,K,K,K,K,K,K,K,K,N,-,-,-,-,-,-,-,-,-,-,-,-,-,-,-,-,-,-,-,-,-,-,-,-,-,-,-,-,-,-,-,-,-,-,-,-,-,-
6806,BRZEGI DOLNE,22 37,49 27,STRWIĄŻ,-,-,-,-,-,-,-,-,-,-,K,K,K,K,K,K,K,K,K,K,K,K,K,K,K,K,K,K,K,K,K,K,K,K,K,K,K,K,N,N,-,-,-,-,-,-,-,-,-,-,-,-,-,-,-,-,-,-,-,-,-,-,-,-,-,-,-,-,-,-,-,-,-,-,-,-,-,-,-,-
6626,BUKOWINA TATRZAŃSKA,20 07,49 21,PORONIEC,-,-,-,-,-,-,-,-,-,-,-,-,-,-,-,-,-,-,-,-,-,-,-,-,-,-,-,-,-,-,-,-,-,-,-,-,-,-,-,-,K,K,K,K,K,K,K,K,K,K,K,K,K,K,K,K,K,K,K,K,K,K,K,K,K,K,K,K,K,K,K,K,K,K,K,N,-,-,-,-
240,BYDGOSZCZ,17 58,53 06,BRDA,K,K,K,K,K,K,K,K,K,K,K,K,K,K,K,-,-,-,-,-,-,-,-,-,-,-,-,-,-,-,-,-,-,-,-,-,-,-,-,-,-,-,-,-,-,-,-,-,-,-,-,-,-,-,-,-,-,-,-,-,-,-,-,-,-,-,-,-,-,-,-,-,-,-,-,-,-,-,-,-
2450,BYDGOSZCZ,18 03,53 10,BRDA,-,-,-,-,-,-,-,-,-,-,-,-,-,-,-,-,-,-,-,-,-,-,-,-,-,-,-,-,-,-,-,-,-,-,-,-,-,-,-,-,-,N,K,K,K,K,K,K,K,K,K,K,K,K,K,K,K,K,K,K,K,K,K,K,N,-,-,-,-,-,-,-,-,-,-,-,-,-,-,-
2351,BYDGOSZCZ-SZWEDEROWO,17 59 42,53 05 47,BRDA,-,-,-,-,-,-,-,-,-,-,-,-,-,-,-,-,-,-,-,-,-,-,-,-,-,-,-,-,-,-,-,-,-,-,-,-,-,-,-,-,-,-,-,-,-,-,-,-,-,-,-,-,-,-,-,-,-,-,-,-,-,-,-,-,-,N,-,-,-,-,-,-,-,-,-,-,-,-,-,-
4201,CEBER,15 99,51 43,ODRA,-,-,-,-,-,-,-,-,-,-,-,-,-,-,-,-,-,-,-,-,-,-,-,-,-,-,-,-,-,-,N,K,K,K,K,K,K,K,K,K,K,K,K,K,K,K,K,K,K,K,K,K,K,K,K,K,K,K,K,K,K,K,K,K,K,K,K,K,K,K,K,K,K,K,N,-,-,-,-,-
5707,CHMIELÓW,21 39,50 31,WISŁA,-,-,-,-,-,-,-,-,-,-,-,-,-,-,-,-,-,-,-,-,-,-,-,-,-,-,-,-,-,-,-,-,-,-,-,K,K,K,K,K,K,K,K,K,-,-,-,-,-,-,-,-,-,-,-,-,-,-,-,-,-,-,-,-,-,-,-,-,-,-,-,-,-,-,-,-,-,-,-,-
235,CHOJNICE,17 31 57,53 42 55,JEZ.CHARZYKOWSKIE,K,K,K,K,K,K,K,K,K,K,K,K,K,K,K,-,-,-,-,-,-,-,-,-,-,-,-,-,-,-,-,-,-,-,-,-,-,-,-,-,-,-,-,-,-,-,-,-,-,-,-,-,-,-,-,-,-,-,-,-,-,-,-,-,-,-,-,-,-,-,-,-,-,-,-,-,-,-,-,-
5708,CHORZELÓW,21 27,50 21,WISŁA,-,-,-,-,-,-,-,-,-,-,K,K,K,K,K,K,K,K,K,K,K,K,K,K,K,K,N,K,K,K,K,N,K,K,K,N,K,N,K,K,K,K,K,K,K,K,K,K,K,K,K,K,K,K,K,K,K,K,K,K,K,K,K,K,K,K,K,K,K,K,K,N,-,-,-,-,-,-,-,-
2303,CHRZĄSTOWO,17 35,53 11,NOTEĆ,-,-,-,-,-,-,-,-,-,-,-,-,-,-,-,-,-,-,-,-,-,-,-,-,-,-,-,-,-,-,K,K,K,K,K,K,K,K,K,K,K,K,K,K,K,K,K,K,K,K,K,K,K,K,K,K,K,K,K,K,K,K,K,K,K,K,K,K,K,K,K,K,K,K,K,N,-,-,-,-
4250,CHWAŁKOWICE,16 36 50,51 26 56,BARYCZ,-,-,-,-,-,-,-,-,-,-,-,-,-,-,-,-,-,-,-,-,-,-,-,-,-,-,-,-,-,-,-,-,-,-,-,-,-,-,K,K,K,K,K,K,K,K,K,K,K,K,K,K,K,K,K,K,K,K,K,K,K,K,K,K,-,-,-,-,-,-,-,-,-,-,-,-,-,-,-,-
3950,CICIBÓR,23 07,52 05,KRZNA,-,-,-,-,-,-,-,-,-,-,-,-,-,-,-,-,-,-,-,-,-,-,-,-,-,-,-,-,-,-,-,-,-,-,-,-,-,-,-,-,-,-,-,-,-,-,-,-,-,N,K,K,K,K,K,K,K,K,K,K,K,K,K,K,N,-,-,-,-,-,-,-,-,-,-,-,-,-,-,-
3401,CIECHOCINEK,18 48,52 53,WISŁA,-,-,-,-,-,-,-,-,-,N,K,K,K,K,K,K,K,K,K,K,K,K,K,K,K,K,K,K,N,N,K,N,N,N,N,K,K,N,-,-,-,-,-,-,-,-,-,-,-,-,-,-,-,-,-,-,-,-,-,-,-,-,-,-,-,-,-,-,-,-,-,-,-,-,-,-,-,-,-,-
5951,CIESZANÓW,23 07 05,50 14 01,SAN,-,-,-,-,-,-,-,-,-,-,-,-,-,-,-,-,-,-,-,-,-,-,-,-,-,-,-,-,-,-,-,-,-,-,-,-,-,-,-,-,-,-,-,-,-,-,-,-,-,-,-,-,-,K,K,K,K,K,K,K,K,K,K,K,K,K,K,K,K,K,K,K,K,,-,-,-,-,-,-
6403,CIESZYN,18 38,49 45,OLZA,-,-,-,-,-,-,-,-,-,-,-,-,-,-,-,-,-,-,-,-,-,-,-,-,-,-,-,-,-,-,-,-,-,-,-,-,K,K,K,K,K,K,K,K,K,K,K,K,K,K,K,K,K,K,K,K,K,K,K,K,K,K,K,K,N,-,-,-,-,-,-,-,-,-,-,-,-,-,-,-
1304,CZARNA DĄBRÓWKA,17 34,54 21,ŁUPAWA,-,-,-,-,-,-,-,-,-,-,K,K,K,K,K,K,K,K,K,K,K,N,K,K,K,K,K,K,K,K,-,-,-,-,-,-,-,-,-,-,-,-,-,-,-,-,-,-,-,-,-,-,-,-,-,-,-,-,-,-,-,-,-,-,-,-,-,-,-,-,-,-,-,-,-,-,-,-,-,-
5406,CZEKANÓW,18 44,50 21,KŁODNICA,-,-,-,-,-,-,-,-,-,-,-,-,-,-,-,-,-,-,-,-,-,-,-,-,-,-,-,-,-,-,K,K,K,K,K,K,K,K,K,K,K,K,K,K,K,K,K,K,K,K,-,-,-,-,-,-,-,-,-,-,-,-,-,-,-,-,-,-,-,-,-,-,-,-,-,-,-,-,-,-
4804,CZESŁAWICE,22 16,51 19,WISŁA,-,-,-,-,-,-,-,-,-,-,-,-,-,-,-,-,-,-,-,-,-,-,-,-,-,-,-,-,-,-,-,-,-,-,-,-,-,K,K,K,K,N,-,-,-,-,-,-,-,-,-,-,-,-,-,-,-,-,-,-,-,-,-,-,-,-,-,-,-,-,-,-,-,-,-,-,-,-,-,-
550,CZĘSTOCHOWA,19 05 33,50 48 45,WARTA,K,K,K,K,K,K,K,K,K,K,K,K,K,K,K,-,-,-,-,-,-,-,-,-,-,-,-,-,-,-,-,-,-,-,-,-,-,-,-,-,-,-,-,K,K,K,K,N,-,-,-,-,-,-,-,-,-,-,-,-,-,-,-,-,-,-,-,-,-,-,-,-,-,-,-,-,-,-,-,-
6622,CZORSZTYN-NADZAMCZE,20 20,49 26,DUNAJEC,-,-,-,-,-,-,-,-,-,-,-,-,-,-,-,-,-,-,-,-,-,-,-,-,-,-,-,-,-,-,-,-,-,-,-,-,-,-,-,-,K,K,K,K,K,K,N,-,-,-,-,-,-,-,-,-,-,-,-,-,-,-,-,-,-,-,-,-,-,-,-,-,-,-,-,-,-,-,-,-
1201,DARŁOWO,16 23,54 27,WIEPRZA,K,K,K,K,K,K,K,K,K,K,K,K,K,K,K,K,K,K,K,K,K,K,K,K,K,K,K,K,K,K,K,K,K,K,K,K,K,K,K,K,K,K,K,K,K,K,K,K,K,K,K,K,K,K,K,K,K,K,K,K,K,K,K,K,N,-,-,-,-,-,-,-,-,-,-,-,-,-,-,-
6635,DĘBNO,20 13,49 28,DUNAJEC,-,-,-,-,-,-,-,-,-,-,-,-,-,-,-,-,-,-,-,-,-,-,-,-,-,-,-,-,-,-,-,-,-,-,-,K,K,K,K,-,-,-,-,-,-,-,-,-,-,-,-,-,-,-,-,-,-,-,-,-,-,-,-,-,-,-,-,-,-,-,-,-,-,-,-,-,-,-,-,-
5211,DŁUGOPOLE-ZDRÓJ,16 38,50 15,NYSA KŁODZKA,-,-,-,-,-,-,-,-,-,-,-,-,-,-,-,-,-,-,-,-,K,K,K,K,K,K,K,K,K,K,K,K,K,K,K,K,K,K,K,K,K,K,K,K,K,K,K,K,N,N,K,K,K,K,K,K,K,K,K,K,K,K,K,K,-,-,-,-,-,-,-,-,-,-,-,-,-,-,-,-
6651,DOBCZYCE,20 04,49 53,RABA,-,-,-,-,-,-,-,-,-,-,-,-,-,-,-,-,-,-,-,-,-,-,-,-,-,-,-,-,-,-,-,-,-,-,-,-,K,K,K,K,K,K,K,K,K,K,K,K,K,K,K,K,K,K,K,K,K,K,K,K,K,K,K,K,N,-,-,-,-,-,-,-,-,-,-,-,-,-,-,-
2502,DOBROCIN,19 50,53 55,DRWĘCA,-,-,-,-,-,-,-,-,-,-,-,-,-,-,-,-,-,-,-,-,-,-,-,-,-,-,-,-,-,-,-,-,-,-,-,K,K,K,K,K,K,K,K,K,K,K,K,K,K,K,K,K,K,K,K,K,K,K,K,K,K,K,K,K,N,-,-,-,-,-,-,-,-,-,-,-,-,-,-,-
5302,DOBROGOSZCZ,17 01,50 46,ODRA,-,-,-,-,-,K,K,K,K,K,K,K,K,K,K,K,K,K,K,K,K,K,K,K,K,K,K,K,K,K,K,K,K,K,K,K,K,K,K,K,K,N,K,K,K,K,K,K,K,K,K,K,K,K,K,K,K,K,K,K,K,K,K,K,-,-,-,-,-,-,-,-,-,-,-,-,-,-,-,-
6633,DOLINA PIĘCIU STAWÓW,20 03,49 13,BIAŁKA,-,-,-,-,-,-,-,-,-,-,-,-,-,-,-,-,-,-,-,-,-,-,-,-,-,-,-,-,-,-,-,-,-,-,-,-,-,-,-,-,N,K,N,K,K,K,K,K,K,K,K,K,K,K,K,K,K,K,K,K,K,K,K,K,K,K,K,K,K,K,K,K,K,K,K,N,-,-,-,-
5454,DRONIOWICE,18 48 32,50 41 46,LISWARTA,-,-,-,-,-,-,-,-,-,-,-,-,-,-,-,-,-,-,-,-,-,-,-,-,-,-,-,-,-,-,-,-,-,-,-,-,-,-,-,-,-,-,-,-,-,-,-,-,-,-,-,-,N,K,K,K,K,K,K,K,K,K,K,K,K,K,K,K,K,K,K,K,K,K,K,N,-,-,-,-
6705,DUKLA,21 41,49 34,WISŁOKA,-,-,-,-,-,-,-,-,-,-,-,-,-,-,-,-,-,-,-,-,-,-,-,-,-,-,-,-,-,-,-,-,-,-,-,K,K,K,K,K,K,K,K,K,K,K,K,K,K,K,K,K,K,K,K,K,K,K,K,K,K,K,K,K,N,-,-,-,-,-,-,-,-,-,-,-,-,-,-,-
5206,DUSZNIKI-ZDRÓJ,16 24,50 24,NYSA KŁODZKA,-,-,-,-,-,-,-,-,-,-,K,K,K,K,K,K,K,K,K,K,K,K,K,K,-,-,-,-,-,-,-,-,-,-,-,-,-,-,-,-,-,-,-,-,-,-,-,-,-,-,-,-,-,-,-,-,-,-,-,-,-,-,-,-,-,-,-,-,-,-,-,-,-,-,-,-,-,-,-,-
6802,DYNÓW,22 14,49 50,SAN,K,K,K,K,K,K,K,K,K,K,K,K,K,K,K,K,K,K,K,K,K,K,K,K,K,K,K,K,K,K,K,K,K,K,K,K,K,K,K,K,K,N,K,K,N,K,N,N,N,K,K,K,N,K,K,K,K,K,K,K,K,K,K,K,K,K,K,K,K,K,K,K,K,N,-,-,-,-,-,-
1001,DZIWNÓW,14 44,54 01,DZIWNA,-,-,-,-,N,K,K,K,K,K,K,K,K,K,K,K,K,K,K,K,K,K,K,K,K,K,K,K,K,K,K,K,K,K,K,K,K,K,K,K,K,K,K,K,K,K,K,K,K,K,K,K,K,K,K,K,K,K,K,K,N,K,K,K,N,-,-,-,-,-,-,-,-,-,-,-,-,-,-,-
160,ELBLĄG-MILEJEWO,19 32 37,54 13 23,BAUDA,K,K,K,K,K,K,K,K,K,K,K,K,K,K,K,-,-,-,-,-,-,-,-,-,-,-,-,-,-,-,-,-,-,-,-,-,-,-,-,-,-,-,-,-,-,-,-,-,-,-,-,-,-,-,-,-,-,-,-,-,-,-,-,-,-,-,-,-,-,-,-,-,-,-,-,-,-,-,-,-
4806,FELIN,22 38,51 14,BYSTRZYCA,-,-,-,-,-,-,-,-,-,-,K,K,K,K,K,K,K,K,K,K,K,K,K,K,K,K,K,K,K,K,K,K,K,K,K,-,-,-,-,-,-,-,-,-,-,-,-,-,-,-,-,-,-,-,-,-,-,-,-,-,-,-,-,-,-,-,-,-,-,-,-,-,-,-,-,-,-,-,-,-
1505,FROMBORK,19 41,54 22,ZALEW WIŚLANY,-,-,-,-,-,-,-,-,-,-,-,-,-,-,-,-,-,-,-,-,-,-,-,-,-,-,-,-,-,-,-,-,-,-,-,K,K,K,K,K,K,N,K,K,K,K,K,K,K,K,K,K,K,K,K,K,K,K,K,K,K,K,K,K,N,-,-,-,-,-,-,-,-,-,-,-,-,-,-,-
150,GDAŃSK-RĘBIECHOWO,18 28,54 23,MARTWA WISŁA,K,K,K,K,K,K,K,K,K,K,K,K,K,K,K,-,-,-,-,-,-,-,-,-,-,-,-,-,-,-,-,-,-,-,-,-,-,-,-,-,-,-,N,K,K,K,K,K,K,-,-,-,-,-,-,-,-,-,-,-,-,-,-,-,-,-,-,-,-,-,-,-,-,-,-,-,-,-,-,-
1407,GDAŃSK-RĘBIECHOWO,18 28,54 23,WISŁA,-,-,-,-,-,-,-,-,-,-,-,-,-,-,-,-,-,-,-,-,-,-,-,-,-,-,-,-,-,-,-,-,-,-,-,-,-,-,-,-,K,K,K,-,-,-,-,-,-,K,K,K,K,K,K,K,K,K,K,K,K,K,K,K,K,K,K,K,K,K,K,K,K,K,K,N,-,-,-,-
1404,GDAŃSK-ŚWIBNO,18 56,54 20,WISŁA,K,K,K,K,K,K,K,K,K,K,K,K,K,K,K,K,K,K,K,K,K,K,K,K,K,K,K,K,K,K,K,K,N,-,-,-,-,-,-,-,-,K,K,K,K,K,K,K,K,K,K,K,K,K,K,K,K,K,K,K,K,K,-,-,-,-,-,-,-,-,-,-,-,-,-,-,-,-,-,-
1402,GDYNIA,18 34,54 31,PRZYMORZE,K,K,K,K,K,K,K,K,K,K,K,K,K,K,K,K,K,K,K,K,K,K,K,K,K,K,K,K,K,K,K,K,K,K,K,K,K,K,K,K,K,K,K,K,K,K,K,K,K,K,K,K,K,K,K,K,K,K,K,K,K,K,K,K,N,-,-,-,-,-,-,-,-,-,-,-,-,-,-,-
1702,GIŻYCKO,21 48,54 02,WĘGORAPA,-,-,-,-,-,-,-,-,-,-,K,K,K,K,K,K,K,K,K,K,K,K,K,K,K,K,K,K,K,K,-,-,-,-,-,-,-,-,-,-,-,-,-,-,-,-,-,-,-,-,-,-,-,-,-,-,-,-,-,-,-,-,-,-,-,-,-,-,-,-,-,-,-,-,-,-,-,-,-,-
3404,GŁĘBOKIE,18 27,52 39,NOTEĆ,-,-,-,-,-,-,-,-,-,-,-,-,-,-,-,-,-,-,-,-,-,-,-,-,-,-,-,-,-,-,-,-,-,-,-,-,-,K,K,K,K,N,-,-,-,-,-,-,-,-,-,-,-,-,-,-,-,-,-,-,-,-,-,-,-,-,-,-,-,-,-,-,-,-,-,-,-,-,-,-
3501,GŁODOWO,19 14,52 50,WISŁA,-,-,-,-,-,-,-,-,-,-,-,-,-,-,-,-,-,-,-,-,-,-,-,-,K,N,K,K,K,K,K,K,K,K,K,K,K,K,K,K,K,K,K,K,K,K,K,K,K,K,K,K,K,K,K,K,K,K,K,K,K,K,K,K,K,N,-,-,-,-,-,-,-,-,-,-,-,-,-,-
5309,GŁUBCZYCE,17 48,50 11,ODRA,-,-,-,-,-,-,-,-,-,-,-,-,-,-,-,-,-,-,-,-,-,-,-,-,-,-,-,-,-,-,K,K,K,K,K,K,K,K,K,K,K,K,K,K,K,K,K,K,N,K,K,K,K,K,K,K,K,K,K,K,K,K,K,K,N,-,-,-,-,-,-,-,-,-,-,-,-,-,-,-
5308,GŁUCHOŁAZY,17 23,50 18,NYSA KŁODZKA,-,-,-,-,-,-,-,-,-,-,-,-,-,-,-,-,-,-,-,-,-,-,-,-,-,-,-,-,-,-,-,-,-,-,-,K,K,K,K,N,K,K,K,K,K,K,K,K,K,K,K,K,K,K,K,K,K,K,K,K,K,K,K,K,-,-,-,-,-,-,-,-,-,-,-,-,-,-,-,-
3303,GNIEZNO,17 34,52 33,WEŁNA,K,K,K,K,K,K,K,K,K,K,K,K,K,K,K,K,K,K,K,K,K,K,K,K,K,K,K,K,K,K,K,K,K,K,K,K,K,K,K,K,K,K,K,K,K,K,K,K,K,K,K,K,K,K,K,K,K,K,K,K,K,K,K,K,-,-,-,-,-,-,-,-,-,-,-,-,-,-,-,-
2004,GOLENIÓW,14 53 35,53 35 35,ZALEW SZCZECIŃSKI,-,-,-,-,-,-,-,-,-,-,-,-,-,-,-,-,-,-,-,-,-,-,-,-,-,-,-,-,-,-,-,K,K,K,K,K,K,K,K,K,K,K,K,K,K,K,K,K,K,K,K,K,K,K,K,K,K,K,K,K,K,K,K,K,K,K,K,K,K,K,K,K,K,K,K,N,-,-,-,-
1801,GOŁDAP,22 19,54 19,WĘGORAPA,-,-,-,-,K,K,K,K,K,K,K,K,K,K,K,K,K,K,K,K,K,K,K,K,K,K,K,K,K,K,K,K,K,K,K,K,K,K,K,K,K,N,K,K,K,K,K,K,K,K,K,K,K,K,K,K,K,K,K,K,K,K,N,-,-,-,-,-,-,-,-,-,-,-,-,-,-,-,-,-
300,GORZÓW WIELKOPOLSKI,15 16 38,52 44 28,WARTA,K,K,K,K,K,K,K,K,K,K,K,K,K,K,K,-,-,-,-,-,-,-,-,-,-,-,-,-,-,-,-,-,-,-,-,-,-,-,-,-,-,-,-,-,-,-,-,-,-,-,-,-,-,-,-,-,-,-,-,-,-,-,-,-,-,-,-,-,-,-,-,-,-,-,-,-,-,-,-,-
3101,GORZYŃ,15 54,52 34,WARTA,-,-,-,-,-,-,-,-,-,-,K,K,K,K,K,K,K,K,K,K,K,K,K,K,K,K,K,K,K,K,K,K,K,K,K,K,K,K,K,K,K,K,K,K,K,K,K,K,K,K,K,K,K,K,K,K,K,K,K,K,K,K,K,K,K,K,K,K,K,K,K,K,K,K,K,N,-,-,-,-
4101,GRABIK,15 07,51 39,BÓBR,-,-,-,-,-,-,-,-,-,-,-,-,-,-,-,-,-,-,-,-,-,-,-,-,-,-,-,-,-,-,K,K,K,K,K,K,K,K,K,K,K,K,K,K,K,K,K,K,K,K,K,K,K,K,K,K,K,K,K,K,K,K,K,K,-,-,-,-,-,-,-,-,-,-,-,-,-,-,-,-
4707,GRABOWIEC,21 23,51 06,WISŁA,-,-,-,-,-,-,-,-,-,-,-,-,-,-,-,-,-,-,-,-,-,-,-,-,-,-,-,-,-,-,-,-,-,-,-,K,K,K,K,K,K,K,K,K,-,-,-,-,-,-,-,-,-,-,-,-,-,-,-,-,-,-,-,-,-,-,-,-,-,-,-,-,-,-,-,-,-,-,-,-
4303,GRABOWNICA,17 27,51 28,PRADNIA,-,-,-,-,-,-,-,-,-,-,-,-,-,-,-,-,-,-,-,-,-,-,-,-,-,-,-,-,-,-,-,-,-,-,-,K,K,K,K,K,K,K,K,K,K,K,K,K,K,K,K,K,K,K,K,K,K,K,K,K,K,K,K,K,-,-,-,-,-,-,-,-,-,-,-,-,-,-,-,-
6804,GRABOWNICA,22 05,49 40,STOBNICA,-,-,-,-,-,-,-,-,-,-,-,-,-,-,-,-,-,-,-,-,-,-,-,-,-,-,-,-,-,-,-,-,-,-,-,-,-,-,-,-,K,K,K,-,-,-,-,-,-,-,-,-,-,-,-,-,-,-,-,-,-,-,-,-,-,-,-,-,-,-,-,-,-,-,-,-,-,-,-,-
5303,GRODKÓW,17 24,50 41,NYSA KŁODZKA,-,-,-,-,-,-,-,-,-,-,K,K,K,K,K,K,K,K,K,K,K,K,K,K,K,K,K,K,K,K,K,K,K,K,K,K,K,K,K,K,K,K,K,K,K,K,K,K,K,K,K,K,K,K,K,K,K,K,K,K,K,K,K,K,-,-,-,-,-,-,-,-,-,-,-,-,-,-,-,-
2403,GRUDZIĄDZ,18 43,53 26,WISŁA,-,-,-,-,-,-,-,-,-,-,-,-,-,-,-,-,-,-,-,-,-,-,-,-,-,-,-,-,-,-,-,-,-,-,-,K,K,K,K,K,K,K,K,K,K,K,K,K,K,K,K,K,K,K,K,K,K,K,K,K,K,K,K,K,N,-,-,-,-,-,-,-,-,-,-,-,-,-,-,-
6521,GUBAŁÓWKA,19 56,49 18,DUNAJEC,-,-,-,-,-,-,-,-,-,-,K,K,K,K,K,K,K,K,K,K,K,K,K,K,K,K,K,K,K,K,K,K,K,K,K,-,-,-,-,-,-,-,-,-,-,-,-,-,-,-,-,-,-,-,-,-,-,-,-,-,-,-,-,-,-,-,-,-,-,-,-,-,-,-,-,-,-,-,-,-
6632,HALA GĄSIENICOWA,20 00 21,49 14 39,BIAŁY DUNAJEC,-,-,-,-,-,-,-,-,-,-,-,-,-,-,-,-,-,-,-,-,-,-,-,-,-,-,-,-,-,-,-,-,-,-,-,-,-,-,-,-,K,K,K,K,K,K,K,K,K,K,K,K,K,K,K,K,K,K,K,K,K,K,K,K,K,K,K,K,N,-,-,-,-,-,-,-,-,-,-,-
6526,HALA ORNAK,19 52,49 14,CZARNY DUNAJEC,-,-,-,-,-,-,-,-,-,-,-,-,-,-,-,-,-,-,-,-,-,-,-,-,-,-,-,-,-,-,-,-,-,-,-,-,-,-,-,-,K,K,K,K,K,K,K,K,K,K,K,K,N,K,N,N,N,K,K,K,K,N,N,K,N,-,-,-,-,-,-,-,-,-,-,-,-,-,-,-
135,HEL,18 48 43,54 36 13,BAŁTYK,K,K,K,K,K,K,K,K,K,K,K,K,K,K,K,-,-,-,-,-,-,-,-,-,-,-,-,-,-,-,-,-,-,-,-,-,-,-,-,-,-,-,-,-,-,-,-,-,-,-,-,-,-,-,-,-,-,-,-,-,-,-,-,-,-,-,-,-,-,-,-,-,-,-,-,-,-,-,-,-
1405,HOPOWO,18 15,54 15,MARTWA WISŁA,-,-,-,-,-,N,K,K,K,K,K,K,K,K,K,K,K,K,K,K,K,K,K,K,K,K,K,K,K,K,-,-,-,-,-,-,-,-,-,-,-,-,-,-,-,-,-,-,-,-,-,-,-,-,-,-,-,-,-,-,-,-,-,-,-,-,-,-,-,-,-,-,-,-,-,-,-,-,-,-
5608,IGOŁOMIA,20 16,50 06,WISŁA,-,-,-,-,-,-,-,-,-,-,-,-,-,-,-,-,-,-,-,-,-,-,-,-,-,-,-,-,-,-,-,-,-,-,-,-,-,-,-,-,K,K,K,K,K,K,K,K,K,K,K,K,K,N,K,K,K,K,K,K,K,K,K,K,N,-,-,-,-,-,-,-,-,-,-,-,-,-,-,-
6503,INWAŁD,19 26,49 53,SKAWA,-,-,-,-,-,-,-,-,-,-,-,-,-,-,-,-,-,-,-,-,-,-,-,-,-,-,-,-,-,-,-,-,-,-,-,-,K,K,K,N,N,K,K,K,K,K,K,K,K,K,K,K,K,K,K,K,K,K,K,K,K,K,K,K,N,-,-,-,-,-,-,-,-,-,-,-,-,-,-,-
6408,ISTEBNA-KUBALONKA,18 54,49 36,WISŁA,-,-,-,-,-,-,-,-,-,-,-,-,-,-,-,-,-,-,-,-,-,-,-,-,-,-,-,-,-,-,K,K,K,K,K,K,K,K,K,K,K,K,K,K,K,K,K,K,K,K,K,K,K,K,K,K,K,K,N,-,-,-,-,-,-,-,-,-,-,-,-,-,-,-,-,-,-,-,-,-
6706,IWONICZ-ZDRÓJ,21 47,49 34,WISŁOK,-,-,-,-,-,-,-,-,-,-,K,K,K,K,K,K,K,K,K,K,K,K,K,K,K,K,K,K,K,K,K,K,K,K,K,K,K,K,K,K,N,N,K,K,-,-,-,-,-,-,-,-,-,-,-,-,-,-,-,-,-,-,-,-,-,-,-,-,-,-,-,-,-,-,-,-,-,-,-,-
6518,JABŁONKA,19 42,49 28,CZARNA ORAWA,-,-,-,-,-,-,-,-,-,-,K,K,K,K,K,K,K,K,K,K,K,K,K,K,K,K,K,K,K,K,K,K,K,K,K,K,K,K,K,K,K,K,K,K,K,K,K,K,K,K,K,K,K,K,K,K,K,K,K,K,K,K,K,K,K,K,K,K,K,K,K,K,K,K,K,N,-,-,-,-
5150,JAKUSZYCE,15 27,50 49,BÓBR,-,-,-,-,-,-,-,-,-,-,-,-,-,-,-,-,-,-,-,-,-,-,-,-,-,-,-,-,-,-,-,-,-,-,-,-,-,-,-,-,-,-,-,K,K,K,K,K,K,K,K,K,K,K,K,K,K,K,K,K,K,K,K,K,-,-,-,-,-,-,-,-,-,-,-,-,-,-,-,-
4702,JARCZEW,21 59,51 49,WISŁA,-,-,-,-,-,-,-,-,-,-,-,-,-,-,-,-,-,-,-,-,-,-,-,-,K,K,K,K,K,K,K,K,K,K,K,K,K,K,K,K,K,K,K,K,K,K,K,K,K,K,K,K,K,K,K,K,K,K,K,K,K,K,K,K,K,K,K,K,K,K,K,K,K,K,K,N,-,-,-,-
5802,JAROCIN,22 18,50 34,SAN,-,-,-,-,-,-,-,-,-,-,-,-,-,-,-,-,-,-,-,-,-,-,-,-,-,-,-,-,-,-,-,-,-,-,-,K,K,K,K,K,K,K,K,K,K,K,K,K,K,K,K,K,K,K,K,K,K,K,K,K,K,K,K,K,K,K,K,K,K,K,K,K,K,K,K,N,-,-,-,-
6650,JASTRZĘBIA,20 54,49 47,DUNAJEC,-,-,-,-,-,-,-,-,-,-,-,-,-,-,-,-,-,-,-,-,-,-,-,-,-,-,-,-,-,-,-,-,-,-,-,K,K,K,K,K,K,K,K,K,K,K,K,K,K,K,K,K,K,K,K,K,K,K,K,K,K,K,K,K,K,K,K,K,K,K,K,K,K,K,K,N,-,-,-,-
6401,JASTRZĘBIE-ZDRÓJ,18 34,49 57,OLZA,-,-,-,-,-,-,-,-,-,-,K,K,K,K,K,K,K,K,K,K,K,K,K,K,K,K,K,K,K,K,-,-,-,-,-,-,-,K,K,K,K,N,-,-,-,-,-,-,-,-,-,-,-,-,-,-,-,-,-,-,-,-,-,-,-,-,-,-,-,-,-,-,-,-,-,-,-,-,-,-
4350,JELCZ-LASKOWICE,17 21,51 03,WIDAWA,-,-,-,-,-,-,-,-,-,-,-,-,-,-,-,-,-,-,-,-,-,-,-,-,-,-,-,-,-,-,-,-,-,-,-,-,-,-,K,K,K,K,K,K,K,K,K,K,K,K,K,K,K,K,K,K,K,K,K,K,K,K,K,K,-,-,-,-,-,-,-,-,-,-,-,-,-,-,-,-
500,JELENIA GÓRA,15 47 20,50 54 01,BÓBR,K,K,K,K,K,K,K,K,K,K,K,K,K,K,K,-,-,-,-,-,-,-,-,-,-,-,-,-,-,-,-,-,-,-,-,-,-,-,-,-,-,-,-,-,-,-,-,-,-,-,-,-,-,-,-,-,-,-,-,-,-,-,-,-,-,-,-,-,-,-,-,-,-,-,-,-,-,-,-,-
5664,JĘDRZEJÓW-SUDÓŁ,20 16 32,50 39 11,NIDA,-,-,-,-,-,-,-,-,-,-,-,-,-,-,-,-,-,-,-,-,-,-,-,-,-,-,-,-,-,-,-,-,-,-,-,-,-,-,-,-,-,-,-,-,-,-,-,-,-,-,-,-,N,K,K,K,K,K,K,K,K,K,K,K,-,-,-,-,-,-,-,-,-,-,-,-,-,-,-,-
6602,JODŁOWNIK,20 15,49 47,STRADOMKA,-,-,-,-,-,-,-,-,-,-,-,-,-,-,-,-,-,-,-,-,-,-,-,-,-,-,-,-,-,-,-,-,-,-,-,-,-,-,-,-,-,K,K,K,K,K,N,-,-,-,-,-,-,-,-,-,-,-,-,-,-,-,-,-,-,-,-,-,-,-,-,-,-,-,-,-,-,-,-,-
435,KALISZ,18 04 55,51 46 55,PROSNA,K,K,K,K,K,K,K,K,K,K,K,K,K,K,K,-,-,-,-,-,-,-,-,-,-,-,-,-,-,-,-,-,-,-,-,-,-,-,-,-,-,-,-,-,-,-,-,-,-,-,-,-,-,-,-,-,-,-,-,-,-,-,-,-,-,-,-,-,-,-,-,-,-,-,-,-,-,-,-,-
5105,KARPACZ,15 47,50 47,BÓBR,K,K,K,K,K,K,K,K,K,K,K,K,K,K,K,K,K,K,K,K,K,K,K,K,K,K,K,K,K,K,K,N,N,K,K,K,K,K,K,K,K,K,K,K,K,K,K,K,K,K,K,K,K,K,K,K,K,K,K,K,K,K,K,K,-,-,-,-,-,-,-,-,-,-,-,-,-,-,-,-
1302,KARŻNICZKA,17 14,54 29,SŁUPIA,-,-,-,-,-,-,-,-,-,-,-,-,-,-,-,-,-,-,-,-,-,-,-,-,-,-,-,-,-,-,-,-,-,-,-,K,K,K,N,N,K,K,K,K,K,K,K,K,K,K,K,K,K,K,K,K,K,K,K,K,K,K,K,K,K,-,-,-,-,-,-,-,-,-,-,-,-,-,-,-
2406,KASPARUS,18 21 10,53 44 77,WDA,-,-,-,-,-,-,-,-,-,-,-,-,-,-,-,-,-,-,-,-,-,-,-,-,-,-,-,-,-,-,-,-,-,-,-,-,-,-,-,-,-,-,-,-,-,-,-,-,-,-,-,-,-,-,-,-,-,N,N,K,K,N,-,-,-,-,-,-,-,-,-,-,-,-,-,-,-,-,-,-
650,KASPROWY WIERCH,19 58 55,49 13 57,DUNAJEC,K,K,K,K,K,K,K,K,K,K,K,K,K,K,K,-,-,-,-,-,-,-,-,-,-,-,-,-,-,-,-,-,-,-,-,-,-,-,-,-,-,-,-,-,-,-,-,-,-,-,-,-,-,-,-,-,-,-,-,-,-,-,-,-,-,-,-,-,-,-,-,-,-,-,-,-,-,-,-,-
5550,KATOWICE PYRZOWICE,19 04 34,50 28 22,PRZEMSZA,-,-,-,-,-,-,-,-,-,-,-,-,-,-,-,-,-,-,-,-,-,-,-,-,-,-,K,K,K,K,K,K,K,K,K,K,K,K,K,K,K,K,K,K,K,K,K,K,K,K,K,K,K,K,K,K,K,K,K,K,K,K,K,K,K,-,-,-,-,-,-,-,-,-,-,-,-,-,-,-
560,KATOWICE-MUCHOWIEC,19 01 58,50 14 26,RAWA,K,K,K,K,K,K,K,K,K,K,K,K,K,K,K,-,-,-,-,-,-,-,-,-,-,-,-,-,-,-,-,-,-,-,-,-,-,-,-,-,-,-,-,-,-,-,-,-,-,-,-,-,-,-,-,-,-,-,-,-,-,-,-,-,-,-,-,-,-,-,-,-,-,-,-,-,-,-,-,-
3607,KAWĘCZYN,20 21,52 10,BZURA,-,-,-,-,-,-,-,-,-,-,-,-,-,-,-,-,-,-,-,-,-,-,-,-,-,-,-,-,-,-,-,-,-,-,-,-,-,K,K,K,K,K,K,K,-,-,-,-,-,-,-,-,-,-,-,-,-,-,-,-,-,-,-,-,-,-,-,-,-,-,-,-,-,-,-,-,-,-,-,-
570,KIELCE-SUKÓW,20 41 32,50 48 37,CZARNA NIDA,K,K,K,K,K,K,K,K,K,K,K,K,K,K,K,-,-,-,-,-,-,-,-,-,-,-,-,-,-,-,-,-,-,-,-,-,-,-,-,-,-,-,-,-,-,-,-,-,-,-,-,-,-,-,-,-,-,-,-,-,-,-,-,-,-,-,-,-,-,-,-,-,-,-,-,-,-,-,-,-
520,KŁODZKO,16 36 51,50 26 13,NYSA KŁODZKA,K,K,K,K,K,K,K,K,K,K,K,K,K,K,K,-,-,-,-,-,-,-,-,-,-,-,-,-,-,-,-,-,-,-,-,-,-,-,-,-,-,-,-,-,-,-,-,-,-,-,-,-,-,-,-,-,-,-,-,-,-,-,-,-,-,-,-,-,-,-,-,-,-,-,-,-,-,-,-,-
1503,KMIECIN,19 10,54 11,SZKARPAWA,-,-,-,-,-,-,-,-,-,-,-,N,K,K,K,K,K,K,K,K,K,K,K,K,K,K,K,N,K,K,K,K,K,K,K,K,K,K,K,K,K,K,K,K,K,K,K,K,K,K,K,K,K,K,N,K,K,K,K,K,K,K,K,K,N,-,-,-,-,-,-,-,-,-,-,-,-,-,-,-
5453,KOCHCICE,18 41,50 43,MAŁA PANEW,-,-,-,-,-,-,-,-,-,-,-,-,-,-,-,-,-,-,-,-,-,-,-,-,-,-,-,-,-,-,-,-,-,-,-,-,-,-,-,-,-,-,-,-,-,-,-,N,K,K,K,K,N,-,-,-,-,-,-,-,-,-,-,-,-,-,-,-,-,-,-,-,-,-,-,-,-,-,-,-
5709,KOLBUSZOWA,21 48,50 14,PRZYRWA,-,-,-,-,-,-,-,-,-,-,K,K,K,K,K,K,K,K,K,K,K,K,K,K,K,K,K,K,K,K,-,-,-,-,-,-,-,-,-,-,-,-,-,-,-,-,-,-,-,-,-,-,-,-,-,-,-,-,-,-,-,-,-,-,-,-,-,-,-,-,-,-,-,-,-,-,-,-,-,-
345,KOŁO,18 39 41,52 12 01,WARTA,K,K,K,K,K,K,K,K,K,K,K,K,K,K,K,-,-,-,-,-,-,-,-,-,-,-,-,-,-,-,-,-,-,-,-,-,-,-,-,-,-,-,-,-,-,-,-,-,-,-,-,-,-,-,-,-,-,-,-,-,-,-,-,-,-,-,-,-,-,-,-,-,-,-,-,-,-,-,-,-
100,KOŁOBRZEG-DŹWIRZYNO,15 23 20,54 09 30,PARSĘTA,K,K,K,K,K,K,K,K,K,K,K,K,K,K,K,-,-,-,-,-,-,-,-,-,-,-,-,-,-,-,-,-,-,-,-,-,-,-,-,-,-,-,-,-,-,-,-,-,-,-,-,-,-,-,-,-,-,-,-,-,-,-,-,-,-,-,-,-,-,-,-,-,-,-,-,-,-,-,-,-
3403,KOŁUDA WIELKA,18 09,52 44,NOTEĆ,K,K,K,K,K,K,K,K,K,K,K,K,K,K,K,K,K,K,K,K,K,K,K,K,K,K,K,K,K,N,N,K,K,K,K,K,K,K,K,K,K,K,K,K,K,K,K,K,K,K,K,K,K,K,K,K,K,K,K,K,K,K,K,K,K,N,K,K,K,K,K,K,K,K,K,N,-,-,-,-
6809,KOMAŃCZA,22 04,49 20,SAN,-,-,-,-,-,K,N,K,K,K,K,K,K,K,K,K,K,K,K,K,K,K,K,K,K,K,K,K,K,K,K,K,K,K,K,K,K,K,K,K,K,K,K,K,K,K,K,K,K,K,K,K,K,K,K,K,K,K,K,K,K,K,K,K,K,K,K,K,K,K,K,K,K,K,K,N,-,-,-,-
2404,KOŃCZEWICE,18 33,53 11,WISŁA,-,-,-,-,-,-,-,-,-,-,-,-,-,-,-,K,K,K,K,K,K,K,K,K,K,K,K,K,K,K,K,-,-,-,-,-,-,-,-,-,-,-,-,-,-,-,-,-,-,-,-,-,-,-,-,-,-,-,-,-,-,-,-,-,-,-,-,-,-,-,-,-,-,-,-,-,-,-,-,-
5304,KORFANTÓW,17 36,50 29,NYSA KŁODZKA,-,-,-,-,-,-,-,-,-,-,-,-,-,-,-,-,-,-,-,-,-,-,-,-,-,-,-,-,-,-,-,-,-,-,-,-,-,-,K,K,K,K,K,K,K,K,K,K,K,K,K,K,K,K,K,K,K,K,K,K,K,K,K,K,-,-,-,-,-,-,-,-,-,-,-,-,-,-,-,-
105,KOSZALIN,16 09 20,54 12 16,BAŁTYK,K,K,K,K,K,K,K,K,K,K,K,K,K,K,K,-,-,-,-,-,-,-,-,-,-,-,-,-,-,-,-,-,-,-,-,-,-,-,-,-,-,-,-,-,-,-,-,-,-,-,-,-,-,-,-,-,-,-,-,-,-,-,-,-,-,-,-,-,-,-,-,-,-,-,-,-,-,-,-,-
1305,KOŚCIERZYNA,17 58,54 08,WIERZYCA,-,K,K,K,K,K,K,K,K,K,K,K,K,K,K,K,K,K,K,K,K,K,K,K,K,K,K,K,K,K,K,K,K,K,K,K,K,K,K,K,K,K,K,K,K,K,K,K,K,K,K,K,K,K,K,K,K,K,K,K,K,K,K,K,N,-,-,-,-,-,-,-,-,-,-,-,-,-,-,-
3305,KÓRNIK,17 06,52 15,WARTA,K,K,K,K,K,K,K,K,K,K,K,K,K,K,K,K,K,K,K,K,K,K,K,K,K,K,K,K,K,K,K,K,K,K,K,K,K,K,K,K,K,K,K,K,K,K,K,K,K,K,K,K,K,K,K,K,K,K,K,K,K,K,K,K,K,K,K,K,K,N,-,-,-,-,-,-,-,-,-,-
566,KRAKÓW-BALICE,19 48 07,50 04 49,WISŁA,K,K,K,K,K,K,K,K,K,K,K,K,K,K,K,-,-,-,-,-,-,-,-,-,-,-,-,-,-,-,-,-,-,-,-,-,-,-,-,-,-,-,-,-,-,-,-,-,-,-,-,-,-,-,-,-,-,-,-,-,-,-,-,-,-,-,-,-,-,-,-,-,-,-,-,-,-,-,-,-
5511,KRAKÓW-OBSERWATORIUM,19 58,50 04,WISŁA,K,K,K,K,K,K,K,K,K,K,K,K,K,K,K,K,K,K,K,K,K,K,K,K,K,K,K,K,K,K,K,K,K,K,K,K,K,K,K,K,K,K,K,K,K,K,K,K,K,K,K,K,K,K,K,K,K,K,K,K,K,K,K,K,K,K,K,K,K,K,K,K,K,K,K,N,-,-,-,-
4903,KRASNYSTAW,23 09,51 00,WIEPRZ,-,-,-,-,-,-,-,-,-,-,K,K,K,K,K,K,K,K,K,K,K,K,K,K,K,K,K,K,K,K,K,K,K,K,K,K,N,-,-,-,-,-,-,-,-,-,-,-,-,-,-,-,-,-,-,-,-,-,-,-,-,-,-,-,-,-,-,-,-,-,-,-,-,-,-,-,-,-,-,-
6704,KROSNO,21 45,49 41,WISŁOK,-,-,-,-,-,-,-,-,-,-,K,K,K,K,K,K,K,K,K,K,K,K,K,K,K,K,K,K,K,K,K,K,K,K,-,-,-,-,-,-,-,-,-,-,-,-,-,-,-,-,-,-,-,-,-,-,-,-,-,-,-,-,-,-,-,-,-,-,-,-,-,-,-,-,-,-,-,-,-,-
6618,KROŚCIENKO,20 26,49 27,DUNAJEC,-,-,-,-,-,-,K,K,K,K,K,K,K,K,K,K,K,K,K,K,K,K,K,K,K,K,K,K,K,K,K,K,K,K,K,K,K,K,K,K,K,K,K,K,K,K,K,K,K,K,K,K,K,K,K,K,K,K,K,K,K,K,K,K,K,K,K,K,K,K,K,K,K,K,K,N,-,-,-,-
6623,KRYNICA,20 58,49 25,POPRAD,-,-,-,-,-,-,-,-,-,-,K,K,K,K,K,K,K,K,K,K,K,K,K,K,K,K,K,K,K,K,K,K,K,K,K,N,K,K,K,K,K,K,K,K,K,K,K,K,K,K,K,K,K,K,K,K,K,K,K,K,K,K,K,K,K,K,K,K,K,K,K,N,-,-,-,-,-,-,-,-
6624,KRYNICA-GÓRA PARKOWA,20 58,49 25,POPRAD,-,-,-,-,K,K,K,K,K,K,-,-,-,-,-,-,-,-,-,-,-,-,-,-,-,-,-,-,-,-,-,-,-,K,K,-,-,-,-,-,-,-,-,-,-,-,-,-,-,-,-,-,-,-,-,-,-,-,-,-,-,-,-,-,-,-,-,-,-,-,-,-,-,-,-,-,-,-,-,-
3202,KRZYŻ,15 59,52 53,NOTEĆ,-,-,-,-,-,-,-,-,-,-,K,K,K,K,K,K,K,K,K,K,K,K,K,K,K,K,K,K,K,K,K,K,K,K,K,K,K,K,K,K,K,K,K,K,K,K,K,K,K,K,K,K,K,K,K,K,K,K,K,K,K,K,K,K,-,-,-,-,-,-,-,-,-,-,-,-,-,-,-,-
2805,KRZYŻEWO,22 45,53 02,NAREW,-,-,-,-,-,-,-,-,-,-,-,-,-,-,-,-,-,-,-,-,-,-,-,-,-,-,-,-,-,-,-,-,-,-,-,K,K,K,K,K,K,N,-,-,-,-,-,-,-,-,-,-,-,-,-,-,-,-,-,-,-,-,-,-,-,-,-,-,-,-,-,-,-,-,-,-,-,-,-,-
6551,LALIKI,19 01,49 33,SOŁA,-,-,-,-,-,-,-,-,-,-,-,-,-,-,-,-,-,-,-,-,-,-,-,-,-,-,-,-,-,-,-,-,-,-,-,K,K,K,K,K,K,K,K,K,K,K,K,K,K,K,K,K,N,N,K,K,K,K,K,K,K,K,K,K,K,K,K,K,N,K,K,-,-,-,-,-,-,-,-,-
5208,LĄDEK-ZDRÓJ,16 53,50 21,NYSA KŁODZKA,-,-,-,-,-,-,-,-,-,-,K,K,K,K,K,K,K,K,K,K,K,K,K,K,K,K,K,K,K,K,K,K,K,K,K,K,K,K,K,K,K,K,K,K,K,K,K,K,K,K,K,K,K,K,K,K,K,K,K,K,K,K,K,K,-,-,-,-,-,-,-,-,-,-,-,-,-,-,-,-
3603,LEGIONOWO,20 58,52 24,WISŁA,N,K,K,K,K,K,K,K,K,K,K,K,K,K,K,K,K,K,K,K,K,K,K,K,K,K,K,K,K,K,K,K,K,K,K,N,K,K,K,K,K,K,K,K,K,K,K,K,K,K,K,K,K,K,K,K,K,K,K,K,K,K,K,K,K,K,K,K,K,K,K,K,K,K,K,N,-,-,-,-
415,LEGNICA,16 12 27,51 11 33,KACZAWA,K,K,K,K,K,K,K,K,K,K,K,K,K,K,K,-,-,-,-,-,-,-,-,-,-,-,-,-,-,-,-,-,-,-,-,-,-,-,-,-,-,-,-,-,-,-,-,-,-,-,-,-,-,-,-,-,-,-,-,-,-,-,-,-,-,-,-,-,-,-,-,-,-,-,-,-,-,-,-,-
690,LESKO,22 20 30,49 27 59,SAN,-,-,-,N,K,K,K,K,K,K,K,K,K,K,K,-,-,-,-,-,-,-,-,-,-,-,-,-,-,-,-,-,-,-,-,-,-,-,-,-,-,-,-,-,-,-,-,-,-,-,-,-,-,-,-,-,-,-,-,-,-,-,-,-,-,-,-,-,-,-,-,-,-,-,-,-,-,-,-,-
6505,LESKOWIEC,19 27,49 48,SKAWA,-,-,-,-,-,-,-,-,-,-,-,-,-,-,-,-,-,-,-,-,-,-,-,-,-,-,-,-,-,-,-,-,-,-,-,-,-,-,-,-,K,K,N,N,K,N,-,-,-,-,-,-,-,-,-,-,-,-,-,-,-,-,-,-,-,-,-,-,-,-,-,-,-,-,-,-,-,-,-,-
418,LESZNO,16 32 05,51 50 09,BARYCZ,-,-,-,-,-,-,-,K,K,K,K,K,K,K,K,-,-,-,-,-,-,-,-,-,-,-,-,-,-,-,-,-,-,-,-,-,-,-,-,-,-,-,-,-,-,-,-,-,-,-,-,-,-,-,-,-,-,-,-,-,-,-,-,-,-,-,-,-,-,-,-,-,-,-,-,-,-,-,-,-
5805,LEŻAJSK,22 25,50 15,SAN,-,-,-,-,-,-,-,-,-,-,K,K,K,K,K,K,K,K,K,K,K,K,K,K,K,K,K,K,K,K,K,K,K,K,K,K,K,K,N,N,K,N,N,-,-,-,-,-,-,-,-,-,-,-,-,-,-,-,-,-,-,-,-,-,-,-,-,-,-,-,-,-,-,-,-,-,-,-,-,-
125,LĘBORK,17 43 25,54 33 11,ŁEBA,K,K,K,K,K,K,K,K,K,K,K,K,K,K,K,-,-,-,-,-,-,-,-,-,-,-,-,-,-,-,-,-,-,-,-,-,-,-,-,-,-,-,-,-,-,-,-,-,-,-,-,-,-,-,-,-,-,-,-,-,-,-,-,-,-,-,-,-,-,-,-,-,-,-,-,-,-,-,-,-
5504,LGOTA GÓRNA,19 14,50 36,WARTA,-,-,-,-,-,-,-,-,-,-,-,-,-,-,-,-,-,-,-,-,-,-,-,-,-,-,-,-,-,-,K,K,K,K,K,K,K,K,K,K,K,K,K,K,K,K,K,K,K,K,K,K,K,K,K,K,K,K,K,K,K,K,K,K,K,K,K,K,K,K,K,K,K,K,-,-,-,-,-,-
6501,LIBERTÓW,19 54,49 58,WISŁA,-,-,-,-,-,-,-,-,-,-,-,-,-,-,-,-,-,-,-,-,-,-,-,-,-,-,-,-,-,-,-,-,-,-,-,-,-,-,-,-,K,K,K,K,K,K,N,-,-,-,-,-,-,-,-,-,-,-,-,-,-,-,-,-,-,-,-,-,-,-,-,-,-,-,-,-,-,-,-,-
2505,LIDZBARK,19 50,53 15,DRWĘCA,-,-,-,-,-,-,-,-,-,-,-,-,-,-,-,-,-,-,-,-,-,-,-,-,-,-,-,-,-,-,-,-,-,-,-,K,K,K,K,N,K,K,N,K,K,K,K,N,K,K,K,K,K,K,K,K,K,K,K,K,K,K,K,K,N,-,-,-,-,-,-,-,-,-,-,-,-,-,-,-
1601,LIDZBARK WARMIŃSKI,20 36,54 08,ŁYNA,K,K,K,K,K,K,K,K,K,K,K,K,K,K,K,K,K,K,K,K,K,K,K,K,K,K,K,K,K,K,K,K,K,K,K,K,K,K,K,K,K,K,K,K,K,K,K,K,K,K,K,K,K,K,K,K,K,K,K,K,K,K,K,K,K,K,K,K,K,K,K,K,K,K,K,N,-,-,-,-
6605,LIMANOWA,20 26,49 41,DUNAJEC,-,K,K,K,K,K,K,K,K,K,K,K,K,K,K,K,K,K,K,K,K,K,K,K,K,K,K,K,K,K,K,K,K,K,K,K,K,K,K,K,K,K,K,K,K,K,K,K,K,K,K,K,K,K,K,K,K,K,K,K,K,K,K,K,K,N,K,K,K,K,K,K,K,K,K,N,-,-,-,-
2003,LIPNIK (LIPKI),14 58,53 21,PŁONIA,-,-,-,-,-,-,-,-,-,-,K,K,K,K,K,K,K,K,K,K,K,K,K,K,K,K,K,K,K,K,-,-,-,-,-,-,-,-,-,-,-,-,-,-,-,-,-,-,-,-,-,-,-,-,-,-,-,-,-,-,-,-,-,-,-,-,-,-,-,-,-,-,-,-,-,-,-,-,-,-
1406,LISEWO,18 50,54 06,SZKARPAWA,-,-,-,-,-,-,-,-,-,-,-,-,-,-,-,-,-,-,-,-,-,-,-,-,N,K,K,K,K,K,K,K,K,K,K,K,K,K,K,K,N,K,K,K,K,K,K,K,K,K,K,K,K,K,K,K,K,K,K,-,-,-,-,-,-,-,-,-,-,-,-,-,-,-,-,-,-,-,-,-
5904,LUBACZÓW,23 08,50 09,LUBACZÓWKA,-,-,-,-,-,-,-,-,-,-,K,K,K,K,K,K,K,K,K,K,K,K,K,K,K,K,K,K,K,K,-,-,-,-,-,-,-,-,-,-,-,-,-,-,-,-,-,-,-,-,-,-,-,-,-,-,-,-,-,-,-,-,-,-,-,-,-,-,-,-,-,-,-,-,-,-,-,-,-,-
3104,LUBINICKO-ŚWIEBODZIN,15 33,52 15,OBRZYCA,-,-,-,-,-,-,-,-,-,-,-,-,-,-,-,-,-,-,-,-,-,-,-,-,-,-,-,-,-,-,K,K,K,K,K,K,K,K,K,K,K,K,K,K,K,K,K,K,K,K,K,K,K,K,K,K,K,K,K,K,K,K,K,N,-,-,-,-,-,-,-,-,-,-,-,-,-,-,-,-
495,LUBLIN-RADAWIEC,22 23 37,51 13 01,BYSTRZYCA,K,K,K,K,K,K,K,K,K,K,K,K,K,K,K,-,-,-,-,-,-,-,-,-,-,-,-,-,-,-,-,-,-,-,-,-,-,-,-,-,-,-,-,-,-,-,-,-,-,-,-,-,-,-,-,-,-,-,-,-,-,-,-,-,-,-,-,-,-,-,-,-,-,-,-,-,-,-,-,-
5402,LUBLINIEC,18 42,50 41,MAŁA PANEW,-,-,-,-,-,-,-,-,-,-,K,K,K,K,K,K,K,K,K,K,K,K,K,K,K,K,K,K,K,K,K,K,K,K,K,K,K,K,K,K,K,K,K,K,K,K,K,N,-,-,-,-,-,-,-,-,-,-,-,-,-,-,-,-,-,-,-,-,-,-,-,-,-,-,-,-,-,-,-,-
6639,LUBOŃ WIELKI,19 59 32,49 39 12,RABA,-,-,-,-,-,-,-,-,-,-,-,-,-,-,-,-,-,-,-,-,-,-,-,-,-,-,-,-,-,-,-,-,-,-,-,-,-,-,-,-,K,K,K,K,K,K,K,K,K,K,N,-,-,-,-,-,-,-,-,-,-,-,-,-,-,-,-,-,-,-,-,-,-,-,-,-,-,-,-,-
4501,LUĆMIERZ,19 23,51 54,BZURA,-,-,-,-,-,-,-,-,-,-,-,-,-,-,-,-,-,-,-,-,-,-,-,-,-,-,-,-,-,-,-,-,-,-,-,-,-,K,K,K,K,N,-,-,-,-,-,-,-,-,-,-,-,-,-,-,-,-,-,-,-,-,-,-,-,-,-,-,-,-,-,-,-,-,-,-,-,-,-,-
4605,ŁAZISKA,20 55,51 20,RADOMKA,-,-,-,-,-,-,-,-,-,-,-,-,-,-,-,-,-,-,-,-,-,-,-,-,K,K,K,K,K,K,K,K,K,K,K,K,K,K,K,K,K,K,K,K,K,K,K,K,K,K,K,K,K,K,K,K,K,K,K,K,K,K,K,K,N,-,-,-,-,-,-,-,-,-,-,-,-,-,-,-
6652,ŁAZY,20 30,49 58,RABA,-,-,-,-,-,-,-,-,-,-,-,-,-,-,-,-,-,-,-,-,-,-,-,-,-,-,-,-,-,-,-,-,-,-,-,-,-,-,K,K,K,K,K,K,K,K,K,K,K,K,K,K,K,K,K,K,K,K,K,K,K,K,K,K,K,K,K,K,K,K,K,K,K,K,K,N,-,-,-,-
6612,ŁĄCKO,20 26 22,49 33 34,DUNAJEC,-,-,-,-,-,K,K,K,K,K,K,K,K,K,K,K,K,K,K,K,K,K,K,K,K,K,K,K,K,K,K,K,K,K,K,K,N,K,K,K,K,K,K,K,K,K,K,K,K,K,K,K,K,K,K,K,K,K,K,K,K,K,K,K,K,K,K,K,K,K,K,K,K,K,K,N,-,-,-,-
120,ŁEBA,17 32 05,54 45 13,ŁEBA,K,K,K,K,K,K,K,K,K,K,K,K,K,K,K,-,-,-,-,-,-,-,-,-,-,-,-,-,-,-,-,-,-,-,-,-,-,-,-,-,-,-,-,-,-,-,-,-,-,-,-,-,-,-,-,-,-,-,-,-,-,-,-,-,-,-,-,-,-,-,-,-,-,-,-,-,-,-,-,-
6616,ŁOPUSZNA,20 08,49 29,DUNAJEC,-,-,-,-,-,-,-,-,-,-,-,-,-,-,-,-,-,-,-,-,-,-,-,-,-,-,-,-,-,-,-,-,-,-,-,-,-,K,N,N,K,K,K,K,K,K,K,K,K,K,K,K,K,K,K,K,K,K,K,K,K,K,K,K,K,K,K,-,-,-,-,-,-,-,-,-,-,-,-,-
465,ŁÓDŹ-LUBLINEK,19 23 59,51 43 24,NER,K,K,K,K,K,K,K,K,K,K,K,K,K,K,K,-,-,-,-,-,-,-,-,-,-,-,-,-,-,-,-,-,-,-,-,-,-,-,-,-,-,-,-,-,-,-,-,-,-,-,-,-,-,-,-,-,-,-,-,-,-,-,-,-,-,-,-,-,-,-,-,-,-,-,-,-,-,-,-,-
6507,MAKÓW PODHALAŃSKI,19 41,49 44,SKAWA,-,-,-,-,-,K,K,K,K,K,K,K,K,K,K,K,K,K,K,K,K,K,K,K,K,K,K,K,K,K,K,K,K,K,K,K,K,K,K,K,K,K,K,K,K,K,K,K,K,K,K,K,K,K,K,K,K,K,K,K,K,K,K,K,N,-,-,-,-,-,-,-,-,-,-,-,-,-,-,-
2804,MARIANOWO,22 06,53 13,NAREW,-,-,-,-,-,-,-,-,-,-,-,-,-,-,-,-,-,-,-,-,-,-,-,-,-,-,-,-,-,-,K,K,K,K,K,K,K,K,K,K,K,K,K,K,K,K,K,K,K,K,K,N,-,-,-,-,-,-,-,-,-,-,-,-,-,-,-,-,-,-,-,-,-,-,-,-,-,-,-,-
2858,MARIANOWO II,22 06 21,53 12 43,NAREW,-,-,-,-,-,-,-,-,-,-,-,-,-,-,-,-,-,-,-,-,-,-,-,-,-,-,-,-,-,-,-,-,-,-,-,-,-,-,-,-,-,-,-,-,-,-,-,-,-,-,-,-,-,-,-,-,-,-,-,-,-,-,-,-,-,K,K,K,K,K,K,K,K,K,K,N,-,-,-,-
1202,MIASTKO,16 59,54 01,WIEPRZA,-,-,-,-,-,-,-,-,-,-,-,-,-,-,-,-,-,-,-,-,-,-,-,-,-,K,K,K,K,K,K,K,K,K,K,K,K,K,K,N,K,K,K,K,K,K,K,K,K,K,K,K,K,K,K,K,K,K,K,K,K,K,K,K,N,-,-,-,-,-,-,-,-,-,-,-,-,-,-,-
5604,MIECHÓW,20 02,50 22,WISŁA,-,-,-,-,-,-,-,-,-,-,-,-,-,-,-,-,-,-,-,-,-,-,-,-,-,-,-,-,-,-,-,-,-,-,-,K,K,K,K,K,K,K,K,K,K,K,K,K,K,K,K,K,K,K,K,K,K,K,K,K,K,N,K,K,N,-,-,-,-,-,-,-,-,-,-,-,-,-,-,-
6506,MIĘDZYBRODZIE BIALSKIE,19 12,49 48,SOŁA,-,-,-,-,-,-,-,-,-,-,K,K,K,K,K,K,K,K,K,K,K,K,K,K,K,K,K,K,K,K,K,K,K,K,K,K,K,K,K,K,K,K,K,K,K,K,K,K,K,K,K,-,-,-,-,-,-,-,-,-,-,-,-,-,-,-,-,-,-,-,-,-,-,-,-,-,-,-,-,-
280,MIKOŁAJKI,21 35 19,53 47 22,PISA,-,K,K,K,K,K,K,K,K,K,K,K,K,K,K,-,-,-,-,-,-,-,-,-,-,-,-,-,-,-,-,-,-,-,-,-,-,-,-,-,-,-,-,-,-,-,-,-,-,-,-,-,-,-,-,-,-,-,-,-,-,-,-,-,-,-,-,-,-,-,-,-,-,-,-,-,-,-,-,-
6636,MIZERNA,20 17,49 28,DUNAJEC,-,-,-,-,-,-,-,-,-,-,-,-,-,-,-,-,-,-,-,-,-,-,-,-,-,-,-,-,-,-,-,-,-,-,-,-,-,-,-,-,K,K,K,K,K,K,K,K,K,K,K,K,K,K,K,K,K,K,K,K,K,K,K,K,K,K,K,K,K,N,-,-,-,-,-,-,-,-,-,-
270,MŁAWA,20 21 40,53 06 15,WKRA,-,-,-,-,-,-,-,-,-,-,K,K,K,K,K,-,-,-,-,-,-,-,-,-,-,-,-,-,-,-,-,-,-,-,-,-,-,-,-,-,-,-,-,-,-,-,-,-,-,-,-,-,-,-,-,-,-,-,-,-,-,-,-,-,-,-,-,-,-,-,-,-,-,-,-,-,-,-,-,-
6634,MORSKIE OKO,20 04 16,49 12 07,BIAŁY DUNAJEC,-,-,-,-,-,-,-,-,-,-,-,-,-,-,-,-,-,-,-,-,-,-,-,-,-,-,-,-,-,-,-,-,-,-,-,-,-,-,-,-,-,-,-,-,-,-,-,-,-,-,-,-,-,-,K,K,N,K,K,K,K,N,K,K,K,-,-,-,-,-,-,-,-,-,-,-,-,-,-,-
6607,MSZANA DOLNA,20 05,49 40,RABA,-,-,-,-,-,-,-,-,-,-,K,K,K,K,K,K,K,K,K,K,K,K,K,K,K,K,K,K,K,K,-,-,-,-,-,K,K,-,-,-,-,K,K,N,-,-,-,-,-,-,-,-,-,-,-,-,-,-,-,-,-,-,-,-,-,-,-,-,-,-,-,-,-,-,-,-,-,-,-,-
6669,MSZANA DOLNA,20 03 16,49 39 49,RABA,-,-,-,-,-,-,-,-,-,-,-,-,-,-,-,-,-,-,-,-,-,-,-,-,-,-,-,-,-,-,-,-,-,-,-,-,-,-,-,-,-,-,-,-,-,-,-,-,-,-,-,-,-,-,-,-,-,-,-,-,-,-,K,K,K,K,K,K,K,K,K,K,K,K,K,-,-,-,-,-
6628,MUSZYNA,20 53,49 21,POPRAD,-,-,-,-,-,-,-,-,-,-,K,K,K,K,K,K,K,K,K,K,K,K,K,K,K,K,K,K,K,K,K,K,K,K,K,K,K,K,K,K,K,K,K,K,K,K,K,K,K,K,K,K,K,K,K,K,K,K,K,K,K,K,K,K,K,K,K,K,K,K,-,-,-,-,-,-,-,-,-,-
2750,MYSZYNIEC,21 21,53 23,NAREW,-,-,-,-,-,-,-,-,-,-,-,-,-,-,-,-,-,-,-,-,-,-,-,-,-,-,-,-,-,-,-,-,N,K,K,K,K,K,K,K,K,K,K,K,K,K,K,K,K,K,K,K,K,K,K,K,K,K,K,K,K,K,K,K,-,-,-,-,-,-,-,-,-,-,-,-,-,-,-,-
4304,NAMYSŁÓW,17 44,51 05,WIDAWA,-,-,-,-,-,-,-,-,-,-,K,K,K,K,K,K,K,K,K,K,K,K,K,K,K,K,K,K,K,K,K,K,K,K,K,K,K,K,K,K,K,K,K,K,K,K,K,K,K,K,K,K,K,K,N,K,K,K,K,K,K,K,K,K,-,-,-,-,-,-,-,-,-,-,-,-,-,-,-,-
6654,NIEDZICA,20 19,49 25,DUNAJEC,-,-,-,-,-,-,-,-,-,-,-,-,-,-,-,-,-,-,-,-,-,-,-,-,-,-,-,-,-,-,-,-,-,-,-,-,-,-,-,-,-,-,-,-,-,-,-,K,K,K,K,K,K,K,K,K,K,K,K,K,K,K,K,K,K,K,K,K,K,K,K,K,K,K,K,N,-,-,-,-
3703,NIEGÓW,21 24,52 31,BUG,-,-,-,-,-,-,-,-,-,-,-,-,-,-,-,-,-,-,-,-,-,-,-,-,-,-,-,-,-,-,-,-,-,-,-,K,K,K,N,K,K,K,K,K,-,-,-,-,-,-,-,-,-,-,-,-,-,-,-,-,-,-,-,-,-,-,-,-,-,-,-,-,-,-,-,-,-,-,-,-
5952,NIELISZ,23 02 21,50 48 19,WIEPRZ,-,-,-,-,-,-,-,-,-,-,-,-,-,-,-,-,-,-,-,-,-,-,-,-,-,-,-,-,-,-,-,-,-,-,-,-,-,-,-,-,-,-,-,-,-,-,-,-,-,-,-,-,-,-,N,K,K,K,K,K,K,K,K,K,N,-,-,-,-,-,-,-,-,-,-,-,-,-,-,-
3606,NIEPOKALANÓW,20 25,52 12,BZURA,K,K,K,K,K,K,K,K,K,K,K,K,K,K,K,K,K,K,K,K,K,K,K,K,K,K,K,K,K,N,-,-,-,-,-,-,-,-,-,-,-,-,-,-,-,-,-,-,-,-,-,-,-,-,-,-,-,-,-,-,-,-,-,-,-,-,-,-,-,-,-,-,-,-,-,-,-,-,-,-
4803,NOWA WIEŚ,22 45,51 27,WIEPRZ,-,-,-,-,-,-,-,-,-,-,K,K,K,K,K,K,K,K,K,K,K,N,K,K,K,K,K,K,K,K,K,K,K,K,K,K,K,K,K,K,K,K,K,K,-,-,-,-,-,-,-,-,-,-,-,-,-,-,-,-,-,-,-,-,-,-,-,-,-,-,-,-,-,-,-,-,-,-,-,-
2203,NOWA WIEŚ UJSKA,16 45,53 02,NOTEĆ,-,-,-,-,-,-,-,-,-,-,-,-,-,-,-,-,-,-,-,-,-,-,-,-,-,-,-,-,-,-,-,-,-,-,-,-,-,K,K,K,K,N,-,-,-,-,-,-,-,-,-,-,-,-,-,-,-,-,-,-,-,-,-,-,-,-,-,-,-,-,-,-,-,-,-,-,-,-,-,-
2855,NOWY CYDZYN,22 08 28,53 13 56,NAREW,-,-,-,-,-,-,-,-,-,-,-,-,-,-,-,-,-,-,-,-,-,-,-,-,-,-,-,-,-,-,-,-,-,-,-,-,-,-,-,-,-,-,-,-,-,-,-,-,-,-,-,-,-,-,-,-,-,-,-,-,K,K,K,K,K,-,-,-,-,-,-,-,-,-,-,-,-,-,-,-
6510,NOWY DWÓR,19 10,49 39,SOŁA,-,-,-,-,-,-,-,-,-,-,-,-,-,-,-,-,-,-,-,-,-,-,-,-,-,-,-,-,-,-,-,-,-,-,-,-,-,-,-,-,K,K,K,K,K,K,K,K,K,K,K,K,K,K,K,K,N,-,-,-,-,-,-,-,-,-,-,-,-,-,-,-,-,-,-,-,-,-,-,-
5905,NOWY LUBLINIEC,23 06,50 16,TANEW,-,-,-,-,-,-,-,-,-,-,-,-,-,-,-,-,-,-,-,-,-,-,-,-,-,-,-,-,-,-,-,-,-,-,-,K,K,K,K,K,K,K,K,K,K,K,K,K,K,K,K,K,K,N,-,-,-,-,-,-,-,-,-,-,-,-,-,-,-,-,-,-,-,-,-,-,-,-,-,-
660,NOWY SĄCZ,20 41 21,49 37 38,DUNAJEC,-,-,-,K,K,K,K,K,K,K,K,K,K,K,K,-,-,-,-,-,-,-,-,-,-,-,-,-,-,-,-,-,-,-,-,-,-,-,-,-,-,-,-,-,-,-,-,-,-,-,-,-,-,-,-,-,-,-,-,-,-,-,-,-,-,-,-,-,-,-,-,-,-,-,-,-,-,-,-,-
6516,OBIDOWA,19 58,49 33,RABA,-,-,-,-,-,-,-,-,-,-,-,-,-,-,-,-,-,-,-,-,-,-,-,-,-,-,-,-,-,-,-,-,-,-,-,-,-,-,-,-,-,K,K,K,K,K,K,N,K,K,K,K,K,K,K,K,K,K,K,K,K,K,K,K,K,K,K,K,N,-,-,-,-,-,-,-,-,-,-,-
1802,OLECKO,22 29,54 03,JEGRZNIA,-,-,-,-,-,-,-,-,-,-,K,K,K,K,K,K,K,K,K,K,K,K,K,K,K,K,K,K,K,K,K,K,K,K,K,K,K,K,K,K,K,K,K,K,K,K,K,K,K,K,K,K,K,K,K,K,K,K,K,K,K,K,K,K,K,K,K,K,K,K,K,N,K,K,K,N,-,-,-,-
5506,OLEWIN,19 36 09,50 16 39,PRZEMSZA,-,-,-,-,-,-,-,-,-,-,-,-,-,-,-,-,-,-,-,-,-,N,K,K,K,K,K,K,K,K,K,K,K,K,K,K,K,K,K,K,K,K,K,K,K,K,K,K,K,K,K,K,K,K,K,K,K,K,K,K,K,K,K,K,N,-,-,-,-,-,-,-,-,-,-,-,-,-,-,-
5519,OLKUSZ,19 34,50 17,PRZEMSZA,-,-,-,-,-,-,-,-,-,-,K,K,K,K,K,K,K,K,K,K,K,N,-,-,-,-,-,-,-,-,-,-,-,-,-,-,-,-,-,-,-,-,-,-,-,-,-,-,-,-,-,-,-,-,-,-,-,-,-,-,-,-,-,-,-,-,-,-,-,-,-,-,-,-,-,-,-,-,-,-
272,OLSZTYN,20 25 22,53 46 16,ŁYNA,K,K,K,K,K,K,K,K,K,K,K,K,K,K,K,-,-,-,-,-,-,-,-,-,-,-,-,-,-,-,-,-,-,-,-,-,-,-,-,-,-,-,-,-,-,-,-,-,-,-,-,-,-,-,-,-,-,-,-,-,-,-,-,-,-,-,-,-,-,-,-,-,-,-,-,-,-,-,-,-
5310,OŁAWA,17 19,50 57,ODRA,-,-,-,-,-,-,-,-,-,-,K,K,K,K,K,K,K,K,K,K,-,-,-,-,-,-,-,-,-,-,-,-,-,-,-,-,-,-,-,-,-,-,-,-,-,-,-,-,-,-,-,-,-,-,-,-,-,-,-,-,-,-,-,-,-,-,-,-,-,-,-,-,-,-,-,-,-,-,-,-
3550,OPIESIN-GŁOGOWA,19 04,52 10,BZURA,-,-,-,-,-,-,-,-,-,-,-,-,-,-,-,-,-,-,-,-,-,-,-,-,-,-,-,-,-,-,-,-,-,-,-,-,-,-,-,K,K,K,K,K,-,-,-,-,-,-,-,-,-,-,-,-,-,-,-,-,-,-,-,-,-,-,-,-,-,-,-,-,-,-,-,-,-,-,-,-
530,OPOLE,17 58 08,50 37 37,ODRA,K,K,K,K,K,K,K,K,K,K,K,K,K,K,K,-,-,-,-,-,-,-,-,-,-,-,-,-,-,-,-,-,-,-,-,-,-,-,-,-,-,-,-,-,-,-,-,-,-,-,-,-,-,-,-,-,-,-,-,-,-,-,-,-,-,-,-,-,-,-,-,-,-,-,-,-,-,-,-,-
4706,OPOLE LUBELSKIE,21 56,51 08,WISŁA,-,-,-,-,-,-,-,-,-,-,K,K,K,K,K,K,K,K,K,K,K,K,K,K,K,K,K,K,K,K,K,K,K,K,K,N,K,K,K,K,K,K,K,K,-,-,-,-,-,-,-,-,-,-,-,-,-,-,-,-,-,-,-,-,-,-,-,-,-,-,-,-,-,-,-,-,-,-,-,-
285,OSTROŁĘKA,21 32 02,53 03 57,NAREW,K,K,K,K,K,K,K,K,K,K,K,K,K,K,K,-,-,-,-,-,-,-,-,-,-,-,-,-,-,-,-,-,-,-,-,-,-,-,-,-,-,-,-,-,-,-,-,-,-,-,-,-,-,-,-,-,-,-,-,-,-,-,-,-,-,-,-,-,-,-,-,-,-,-,-,-,-,-,-,-
5305,OTMUCHÓW,17 10,50 28,NYSA KŁODZKA,-,-,-,-,-,-,-,-,-,-,K,K,K,K,K,K,K,K,K,K,K,K,K,K,K,K,K,K,K,K,K,K,K,K,K,K,K,K,K,K,K,K,K,K,K,K,K,K,K,K,K,K,K,K,K,K,K,K,K,K,K,K,K,K,-,-,-,-,-,-,-,-,-,-,-,-,-,-,-,-
5806,OŻAŃSK,22 35,50 02,SAN,-,-,-,-,-,-,-,-,-,-,K,K,K,K,K,K,K,K,K,K,K,K,K,K,K,K,K,K,K,K,-,-,-,-,-,-,-,-,-,-,-,-,-,-,-,-,-,-,-,-,-,-,-,-,-,-,-,-,-,-,-,-,-,-,-,-,-,-,-,-,-,-,-,-,-,-,-,-,-,-
3204,PAPROĆ,16 11,52 18,OBRA,-,-,-,-,-,-,-,-,-,-,-,-,-,-,-,-,-,-,-,-,-,-,-,-,-,-,-,-,-,-,K,K,K,K,N,N,K,K,K,K,K,K,K,K,K,K,K,K,K,K,K,K,K,K,K,K,K,K,K,K,K,K,K,K,-,-,-,-,-,-,-,-,-,-,-,-,-,-,-,-
5106,PAPROTKI,15 57,50 44,BÓBR,-,-,-,-,-,-,-,-,-,-,-,-,-,-,-,-,-,-,-,-,-,-,-,-,-,-,-,-,-,-,-,-,-,-,-,-,-,-,K,K,K,K,K,K,K,K,K,K,K,K,K,K,K,K,K,K,K,K,K,K,K,K,N,K,-,-,-,-,-,-,-,-,-,-,-,-,-,-,-,-
6619,PIWNICZNA,20 42,49 26,DUNAJEC,-,-,-,-,-,-,-,-,-,-,-,-,-,-,-,-,-,-,-,-,K,K,K,K,K,K,K,K,K,K,K,K,K,K,K,K,K,K,K,K,K,K,K,K,K,K,K,K,K,K,K,K,K,K,K,K,K,N,-,-,-,-,-,-,-,-,-,-,-,-,-,-,-,-,-,-,-,-,-,-
6655,PIWNICZNA,20 43 23,49 25 31,POPRAD,-,-,-,-,-,-,-,-,-,-,-,-,-,-,-,-,-,-,-,-,-,-,-,-,-,-,-,-,-,-,-,-,-,-,-,-,-,-,-,-,-,-,-,-,-,-,-,-,-,-,-,-,-,-,-,-,-,N,K,K,K,K,K,K,K,K,K,K,K,K,K,K,K,K,K,N,-,-,-,-
3802,PLATERÓW,22 50,52 18,BUG,-,-,-,-,-,-,-,-,-,-,-,-,-,-,-,-,-,-,-,-,-,-,-,-,-,-,-,-,-,-,-,-,-,-,-,K,K,K,K,K,K,K,K,K,-,-,-,-,-,-,-,-,-,-,-,-,-,-,-,-,-,-,-,-,-,-,-,-,-,-,-,-,-,-,-,-,-,-,-,-
360,PŁOCK,19 43 33,52 35 18,WISŁA,K,K,K,K,K,K,K,K,K,K,K,K,K,K,K,-,-,-,-,-,-,-,-,-,-,-,-,-,-,-,-,-,-,-,-,-,-,-,-,-,-,-,-,-,-,-,-,-,-,-,-,-,-,-,-,-,-,-,-,-,-,-,-,-,-,-,-,-,-,-,-,-,-,-,-,-,-,-,-,-
4105,PŁÓCZKI DOLNE,15 33,51 06,BÓBR,-,-,-,-,-,-,-,-,-,-,-,-,-,-,-,-,-,-,-,-,-,-,-,-,-,-,-,-,-,-,-,-,-,-,-,K,K,K,K,K,-,-,-,-,-,-,-,-,-,-,-,-,-,-,-,-,-,-,-,-,-,-,-,-,-,-,-,-,-,-,-,-,-,-,-,-,-,-,-,-
5301,POKÓJ,17 51,50 54,STOBRAWA,-,-,-,-,-,-,-,-,-,-,-,-,-,-,-,-,-,-,-,-,-,-,-,-,-,-,-,-,-,-,-,-,-,-,-,-,-,K,K,K,K,N,-,-,-,-,-,-,-,-,-,-,-,-,-,-,-,-,-,-,-,-,-,-,-,-,-,-,-,-,-,-,-,-,-,-,-,-,-,-
6525,POLANA CHOCHOŁOWSKA,19 47,49 14,BIAŁY DUNAJEC,-,-,-,-,-,-,-,-,-,-,-,-,-,-,-,-,-,-,-,-,-,-,-,-,-,-,-,-,-,-,-,-,-,-,-,-,-,-,-,-,-,-,N,K,K,K,K,K,K,N,N,N,N,N,N,N,N,K,K,K,K,K,K,K,K,K,K,K,K,N,N,K,K,K,K,N,-,-,-,-
4202,POLKOWICE DOLNE,16 03,51 30,BÓBR,-,-,-,-,-,-,-,-,-,-,-,-,-,-,-,-,-,-,-,-,-,-,-,-,-,-,-,-,-,-,-,-,-,-,-,K,K,K,K,K,K,K,K,K,K,K,K,K,K,K,K,K,K,K,K,K,K,K,K,K,K,K,K,K,-,-,-,-,-,-,-,-,-,-,-,-,-,-,-,-
2201,POŁCZYN-ZDRÓJ,16 05,53 46,PARSĘTA,-,-,-,-,-,-,-,-,-,-,K,K,N,K,K,K,K,K,K,K,K,K,K,K,K,K,K,K,K,K,K,N,K,K,K,K,K,N,-,-,-,-,-,-,-,-,-,-,-,-,-,-,-,-,-,-,-,-,-,-,-,-,-,-,-,-,-,-,-,-,-,-,-,-,-,-,-,-,-,-
6629,PORONIN,20 02,49 20,BIAŁY DUNAJEC,-,-,-,-,-,-,-,-,-,-,-,-,-,-,-,-,-,-,-,-,-,-,-,-,-,-,-,-,-,-,-,-,-,-,-,-,-,-,-,-,K,K,K,K,K,K,K,K,K,N,K,K,K,N,N,K,K,K,K,-,-,-,-,-,-,-,-,-,-,-,-,-,-,-,-,-,-,-,-,-
6656,PORONIN,20 02 06,49 19 49,DUNAJEC,-,-,-,-,-,-,-,-,-,-,-,-,-,-,-,-,-,-,-,-,-,-,-,-,-,-,-,-,-,-,-,-,-,-,-,-,-,-,-,-,-,-,-,-,-,-,-,-,-,-,-,-,-,-,-,-,-,-,-,K,K,K,K,K,K,K,K,K,K,K,K,K,K,K,K,N,-,-,-,-
3602,POŚWIĘTNE,20 23,52 38,WKRA,K,K,K,K,K,K,K,K,K,K,K,K,K,K,K,K,K,K,K,K,K,K,K,K,K,K,K,K,K,K,K,K,K,K,K,K,K,K,N,K,K,K,K,K,K,K,K,K,K,K,K,K,K,K,K,K,K,K,N,K,K,K,K,K,-,-,-,-,-,-,-,-,-,-,-,-,-,-,-,-
330,POZNAŃ-ŁAWICA,16 50 09,52 25 02,WARTA,K,K,K,K,K,K,K,K,K,K,K,K,K,K,K,-,-,-,-,-,-,-,-,-,-,-,-,-,-,-,-,-,-,-,-,-,-,-,-,-,-,-,-,-,-,-,-,-,-,-,-,-,-,-,-,-,-,-,-,-,-,-,-,-,-,-,-,-,-,-,-,-,-,-,-,-,-,-,-,-
2503,PRABUTY,19 13,53 44,NOGAT,K,K,N,N,K,K,K,K,K,K,K,K,K,K,K,K,K,K,K,K,K,K,K,K,K,K,K,K,K,K,K,K,K,K,K,K,K,K,K,K,K,K,K,K,K,K,K,K,K,K,K,K,K,K,K,K,K,K,K,K,K,K,K,K,N,-,-,-,-,-,-,-,-,-,-,-,-,-,-,-
5307,PRUDNIK,17 34,50 19,ODRA,-,-,-,-,-,K,K,K,K,K,K,K,K,K,K,K,K,K,K,K,K,K,K,K,K,K,K,K,K,K,K,K,K,K,K,K,K,K,K,N,K,K,K,K,K,K,K,K,K,-,-,-,-,-,-,-,-,-,-,-,-,-,-,-,-,-,-,-,-,-,-,-,-,-,-,-,-,-,-,-
2605,PRZASNYSZ,20 54,53 02,ORZYC,-,-,-,-,-,-,-,-,-,-,K,K,K,K,K,K,K,K,K,K,N,N,K,K,K,K,K,K,K,K,K,K,K,K,K,K,K,K,K,K,K,N,-,-,-,-,-,-,-,-,-,-,-,-,-,-,-,-,-,-,-,-,-,-,-,-,-,-,-,-,-,-,-,-,-,-,-,-,-,-
3601,PRZEDWOJEWO,20 40,52 55,WKRA,-,-,-,-,-,-,-,-,-,-,-,-,-,-,-,-,-,-,-,-,-,-,-,-,-,-,-,-,-,-,-,-,-,-,-,-,-,K,K,K,K,K,K,K,-,-,-,-,-,-,-,-,-,-,-,-,-,-,-,-,-,-,-,-,-,-,-,-,-,-,-,-,-,-,-,-,-,-,-,-
2102,PRZELEWICE,15 05,53 06,PŁONIA,-,-,-,-,-,K,K,K,N,K,K,K,K,K,K,K,K,K,K,K,K,K,K,K,K,K,K,K,K,K,K,K,K,K,K,K,K,K,K,K,K,K,K,K,K,K,K,K,K,K,K,K,K,K,K,K,K,K,K,K,K,K,K,N,-,-,-,-,-,-,-,-,-,-,-,-,-,-,-,-
695,PRZEMYŚL,22 46 19,49 48 15,SAN,-,-,-,K,K,K,K,K,K,K,K,K,K,K,K,-,-,-,-,-,-,-,-,-,-,-,-,-,-,-,-,-,-,-,-,-,-,-,-,-,-,-,-,-,-,-,-,-,-,-,N,-,-,-,-,-,-,-,-,-,-,-,-,-,-,-,-,-,-,-,-,-,-,-,-,-,-,-,-,-
5409,PSZCZYNA,18 55,50 00,WISŁA,-,-,-,-,-,K,K,K,K,K,K,K,K,K,K,K,K,K,K,K,K,K,K,K,K,K,K,K,K,K,K,K,K,K,K,K,K,K,K,K,K,K,K,K,K,K,K,K,K,K,K,K,K,K,K,K,K,K,K,K,K,K,K,K,K,K,K,K,K,K,K,K,K,K,N,-,-,-,-,-
5250,PSZENNO,16 33,50 51,BYSTRZYCA,-,-,-,-,-,-,-,-,-,-,-,-,-,-,-,-,-,-,-,-,-,-,-,-,-,-,-,-,N,K,K,K,K,K,K,K,K,K,K,K,K,K,K,K,K,K,K,K,K,K,K,K,K,K,K,K,K,K,K,K,K,K,K,K,-,-,-,-,-,-,-,-,-,-,-,-,-,-,-,-
6609,PTASZKOWA,20 53,49 36,DUNAJEC,-,-,-,-,-,-,-,-,-,-,-,-,-,-,-,-,-,-,-,-,-,-,-,-,-,-,-,-,-,-,-,-,-,-,-,K,K,K,K,K,K,K,K,K,K,K,K,K,K,K,K,K,K,K,K,K,K,K,K,K,K,K,K,K,K,K,K,K,K,K,K,N,-,-,,-,-,-,-,-
4503,PUCZNIEW,19 05,51 47,NER,K,K,K,K,K,K,K,K,K,K,K,K,K,K,K,K,K,K,K,K,K,K,K,K,K,K,K,K,K,K,K,K,K,K,K,K,K,K,K,K,K,K,K,K,K,K,K,K,K,K,K,K,K,K,K,K,K,K,K,K,K,K,K,N,K,K,K,K,K,K,K,K,K,K,K,N,-,-,-,-
4705,PUŁAWY,21 58,51 25,WISŁA,K,K,K,K,K,K,K,K,K,K,K,K,K,K,K,K,K,K,K,K,K,K,K,K,K,K,K,K,K,K,K,K,K,K,K,K,K,K,K,K,K,K,K,K,K,K,K,K,K,K,K,K,K,K,N,K,K,K,K,K,K,K,K,K,K,K,K,K,K,K,K,K,K,-,-,-,-,-,-,-
3701,PUŁTUSK,21 06,52 44,NAREW,K,K,K,K,K,K,K,K,K,K,K,K,K,K,K,K,K,K,K,K,K,K,K,K,K,K,K,K,K,K,K,K,K,K,K,K,K,K,K,K,K,K,K,K,K,K,K,K,K,K,K,K,K,K,K,K,K,K,K,K,K,K,K,K,K,K,K,K,K,K,K,N,K,K,K,N,-,-,-,-
6512,RABKA,19 58,49 37,RABA,-,-,-,-,-,-,-,-,-,-,-,-,-,-,-,-,-,-,-,-,-,-,-,-,-,-,-,-,-,-,K,K,K,K,K,K,K,K,K,K,N,N,K,K,K,K,K,K,K,K,K,K,K,K,K,K,K,K,K,K,K,N,-,-,-,-,-,-,-,-,-,-,-,-,-,-,-,-,-,-
540,RACIBÓRZ,18 11 30,50 03 42,ODRA,K,K,K,K,K,K,K,K,K,K,K,K,K,K,K,-,-,-,-,-,-,-,-,-,-,-,-,-,-,-,-,-,-,-,-,-,-,-,-,-,-,-,-,-,-,-,-,-,-,-,-,-,-,-,-,-,-,-,-,-,-,-,-,-,-,-,-,-,-,-,-,-,-,-,-,-,-,-,-,-
2401,RADOSTOWO,18 45,53 59,WISŁA,-,K,K,K,K,K,K,K,K,K,K,K,K,K,K,K,K,K,K,K,K,K,K,K,K,K,K,K,K,K,K,K,K,K,K,K,K,K,K,K,K,K,K,K,K,K,K,K,K,K,K,K,K,K,K,K,K,K,K,K,K,K,K,K,K,N,-,-,-,-,-,-,-,-,-,-,-,-,-,-
6552,RADZIECHOWY,19 09 20,49 38 55,SOŁA,-,-,-,-,-,-,-,-,-,-,-,-,-,-,-,-,-,-,-,-,-,-,-,-,-,-,-,-,-,-,-,-,-,-,-,-,-,-,-,-,-,-,-,-,-,-,-,-,-,-,-,-,-,-,-,-,-,K,K,K,K,K,K,K,K,K,K,K,K,K,K,K,K,K,K,-,-,-,-,-
4251,RADZYŃ,16 02 16,51 52 21,OBRZYCA,-,-,-,-,-,-,-,-,-,-,-,-,-,-,-,-,-,-,-,-,-,-,-,-,-,-,-,-,-,-,-,-,-,-,-,-,-,-,-,-,-,-,-,-,-,-,-,-,-,-,-,-,-,K,K,K,K,K,K,K,K,K,K,K,K,K,K,K,K,K,K,K,K,K,K,N,-,-,-,-
4801,RADZYŃ PODLASKI,22 36,51 46,TYŚMIENICA,-,-,-,-,-,-,-,-,-,-,K,K,K,K,K,K,K,K,K,K,K,K,K,K,K,K,K,K,K,K,K,K,K,K,K,K,K,N,K,K,K,N,-,-,-,-,-,-,-,-,-,-,-,-,-,-,-,-,-,-,-,-,-,-,-,-,-,-,-,-,-,-,-,-,-,-,-,-,-,-
2150,REDŁO,15 57,53 47,PARSĘTA,-,-,-,-,-,-,-,-,-,-,-,-,-,-,-,-,-,-,-,-,-,-,-,-,-,-,-,-,-,-,-,-,-,-,-,-,-,-,-,N,K,K,K,K,K,K,K,K,K,-,-,-,-,-,-,-,-,-,-,-,-,-,-,-,-,-,-,-,-,-,-,-,-,-,-,-,-,-,-,-
210,RESKO-SMÓLSKO,15 24 53,53 46 18,REGA,K,K,K,K,K,K,K,K,K,K,K,K,K,K,K,-,-,-,-,-,-,-,-,-,-,-,-,-,-,-,-,-,-,-,-,-,-,-,-,-,-,-,-,-,-,-,-,-,-,-,-,-,-,-,-,-,-,-,-,-,-,-,-,-,-,-,-,-,-,-,-,-,-,-,-,-,-,-,-,-
1401,ROZEWIE,18 20,54 50,BAŁTYK,K,K,K,K,K,K,K,K,K,K,K,K,K,K,K,K,K,K,K,K,K,K,K,K,K,K,K,K,K,K,K,K,K,K,K,K,K,K,K,K,K,K,K,K,K,K,K,K,K,K,K,K,K,K,K,K,K,K,-,-,-,-,-,-,-,-,-,-,-,-,-,-,-,-,-,-,-,-,-,-
6604,ROŻNÓW,20 41,49 46,DUNAJEC,-,-,-,-,-,-,-,-,-,-,K,K,K,K,K,K,K,K,K,K,K,K,K,K,N,-,-,-,-,-,-,-,-,-,-,-,-,-,-,-,-,-,-,-,-,-,-,-,-,-,-,-,-,-,-,-,-,-,-,-,-,-,-,-,-,-,-,-,-,-,-,-,-,-,-,-,-,-,-,-
2901,RÓŻANYSTOK,23 24,53 38,BIEBRZA,-,-,-,-,-,-,-,-,-,-,K,K,K,K,K,K,K,K,K,K,N,K,K,K,K,K,K,K,K,K,K,K,K,K,K,K,K,K,K,K,K,K,K,K,K,K,K,K,K,K,K,K,K,K,K,K,K,K,K,K,K,K,K,K,K,K,K,K,K,K,K,K,K,K,-,-,-,-,-,-
5408,RYBNIK,18 33,50 06,ODRA,-,-,-,-,-,-,-,-,-,-,-,-,-,-,-,-,-,-,-,-,-,-,-,-,-,-,-,-,-,-,K,K,K,K,K,K,K,K,K,K,K,K,K,K,K,K,K,K,K,K,-,-,-,-,-,-,-,-,-,-,-,-,-,-,-,-,-,-,-,-,-,-,-,-,-,-,-,-,-,-
580,RZESZÓW-JASIONKA,22 02 32,50 06 39,WISŁOK,-,K,K,K,K,K,K,K,K,K,K,K,K,K,K,-,-,-,-,-,-,-,-,-,-,-,-,-,-,-,-,-,-,-,-,-,-,-,-,-,-,-,-,-,-,-,-,-,-,-,-,-,-,-,-,-,-,-,-,-,-,-,-,-,-,-,-,-,-,-,-,-,-,-,-,-,-,-,-,-
585,SANDOMIERZ,21 42 57,50 41 48,WISŁA,K,K,K,K,K,K,K,K,K,K,K,K,K,K,K,-,-,-,-,-,-,-,-,-,-,-,-,-,-,-,-,-,-,-,-,-,-,-,-,-,-,-,-,-,-,-,-,-,-,-,-,-,-,-,-,-,-,-,-,-,-,-,-,-,-,-,-,-,-,-,-,-,-,-,-,-,-,-,-,-
6805,SANOK-TREPCZA,22 11,49 35,SAN,K,N,N,K,K,K,K,K,K,K,K,K,K,K,K,K,K,K,K,K,K,K,K,K,K,K,K,K,K,K,K,K,K,K,K,K,K,K,N,K,K,K,K,K,K,K,K,K,K,K,K,K,K,K,K,K,K,K,K,K,K,K,K,K,N,-,-,-,-,-,-,-,-,-,-,-,-,-,-,-
385,SIEDLCE,22 14 41,52 10 52,LIWIEC,K,K,K,K,K,K,K,K,K,K,K,K,K,K,K,-,-,-,-,-,-,-,-,-,-,-,-,-,-,-,-,-,-,-,-,-,-,-,-,-,-,-,-,-,-,-,-,-,-,-,-,-,-,-,-,-,-,-,-,-,-,-,-,-,-,-,-,-,-,-,-,-,-,-,-,-,-,-,-,-
5605,SIELEC,20 25,50 19,WISŁA,-,-,-,-,-,K,K,K,K,K,K,K,K,K,K,K,K,K,K,K,K,K,K,K,K,K,K,K,K,K,K,K,K,K,K,K,K,K,K,K,K,K,K,K,K,K,K,K,K,K,K,K,K,K,K,K,K,K,K,K,K,K,K,K,N,-,-,-,-,-,-,-,-,-,-,-,-,-,-,-
6517,SIENIAWA,19 55,49 32,RABA,-,-,-,-,-,-,-,-,-,-,K,K,K,K,K,K,K,K,K,K,K,K,K,K,K,K,K,K,K,K,K,K,K,K,K,K,K,K,K,-,-,-,-,-,-,-,-,-,-,-,-,-,-,-,-,-,-,-,-,-,-,-,-,-,-,-,-,-,-,-,-,-,-,-,-,-,-,-,-,-
4401,SIERADZ,18 42,51 36,WARTA,K,K,K,K,K,K,K,K,K,K,K,K,K,K,K,K,K,K,K,K,K,K,K,K,K,K,K,K,K,K,K,N,N,K,K,K,K,K,K,K,K,K,K,K,K,K,K,K,K,K,K,K,K,K,K,K,K,K,K,K,K,K,K,N,-,-,-,-,-,-,-,-,-,-,-,-,-,-,-,-
5501,SILNICZKA,19 46,50 55,PILICA,-,-,-,-,-,-,-,-,-,-,N,K,K,K,K,K,K,K,K,K,K,K,K,K,K,K,K,K,K,K,K,K,K,K,K,K,K,K,K,K,K,K,K,K,K,K,K,K,K,K,K,K,K,K,K,K,K,K,K,K,K,K,K,K,K,K,K,K,K,-,-,-,-,-,-,-,-,-,-,-
3705,SINOŁĘKA,21 55,52 13,LIWIEC,-,-,-,-,-,-,-,-,-,-,K,K,K,K,K,K,K,K,K,K,K,K,K,K,K,K,K,K,N,K,-,-,-,-,-,-,-,-,-,-,-,-,-,-,-,-,-,-,-,-,-,-,-,-,-,-,-,-,-,-,-,-,-,-,-,-,-,-,-,-,-,-,-,-,-,-,-,-,-,-
4601,SKIERNIEWICE,20 10,51 58,BZURA,K,K,K,K,K,K,K,K,K,K,K,K,K,K,K,K,K,K,K,K,K,K,K,K,K,K,K,K,K,K,K,K,K,K,K,K,K,K,K,K,K,K,K,K,K,K,K,K,K,K,K,K,N,K,K,K,K,K,K,K,K,K,K,K,K,K,K,K,K,K,K,K,K,K,K,N,-,-,-,-
5602,SKRONIÓW,20 16,50 38,NIDA,-,-,-,-,-,-,-,-,-,-,K,K,K,K,K,K,K,K,K,K,K,K,K,K,K,K,K,K,K,K,K,K,K,K,K,K,K,K,K,K,K,K,K,K,K,K,K,K,K,K,K,K,-,-,-,-,-,-,-,-,-,-,-,-,-,-,-,-,-,-,-,-,-,-,-,-,-,-,-,-
5254,SŁOSZÓW,16 22 47,50 24 36,NYSA KŁODZKA,-,-,-,-,-,-,-,-,-,-,-,-,-,-,-,-,-,-,-,-,-,-,-,-,K,K,K,K,K,K,K,K,K,K,K,K,K,K,K,K,K,K,K,K,K,K,K,K,K,K,K,K,K,K,K,K,K,K,K,K,K,K,K,K,-,-,-,-,-,-,-,-,-,-,-,-,-,-,-,-
310,SŁUBICE,14 37 10,52 20 56,KANAŁ POSTOMSKI,K,K,K,K,K,K,K,K,K,K,K,K,K,K,K,-,-,-,-,-,-,-,-,-,-,-,-,-,-,-,-,-,-,-,-,-,-,-,-,-,-,-,-,-,-,-,-,-,-,-,-,-,-,-,-,-,-,-,-,-,-,-,-,-,-,-,-,-,-,-,-,-,-,-,-,-,-,-,-,-
3304,SŁUPCA,17 52,52 17,WARTA,-,-,-,-,-,-,-,-,-,-,-,-,-,-,-,-,-,-,-,-,-,-,-,-,-,-,-,-,-,-,K,K,K,K,K,K,K,K,K,K,K,K,K,K,K,K,K,K,K,K,K,K,K,K,K,K,K,K,K,K,K,K,K,K,-,-,-,-,-,-,-,-,-,-,-,-,-,-,-,-
3306,SŁUPIA WIELKA,17 13,52 13,WARTA,-,-,-,-,-,-,-,-,-,-,-,-,-,-,-,-,-,-,-,-,-,-,-,-,-,-,-,-,-,-,-,-,-,-,-,-,-,K,K,K,K,N,-,-,-,-,-,-,-,-,-,-,-,-,-,-,-,-,-,-,-,-,-,-,-,-,-,-,-,-,-,-,-,-,-,-,-,-,-,-
1303,SŁUPSK,17 00,54 28,SŁUPIA,K,K,K,K,K,K,K,K,K,K,K,K,K,K,K,-,-,-,-,-,-,-,-,-,-,-,-,-,-,-,-,-,-,-,-,-,-,-,-,-,-,-,-,-,-,-,-,-,-,-,-,-,-,-,-,-,-,-,-,-,-,-,-,-,-,-,-,-,-,-,-,-,-,-,-,-,-,-,-,-
1350,SŁUPSK,17 06,54 29,SŁUPIA,-,-,-,-,-,-,-,-,-,-,-,-,-,-,-,-,-,-,-,-,-,-,-,-,-,-,-,-,-,-,-,-,-,-,-,-,K,K,K,K,K,N,-,-,-,-,-,-,-,-,-,-,-,-,-,-,-,-,-,-,-,-,-,-,-,-,-,-,-,-,-,-,-,-,-,-,-,-,-,-
4302,SMOLICE,17 11,51 42,ORLA,-,-,-,-,-,-,-,-,-,-,K,K,K,K,K,K,K,K,K,K,K,K,K,K,K,K,K,K,K,K,K,K,K,K,K,K,K,K,K,K,K,K,K,K,K,K,K,K,K,K,K,K,K,K,K,K,K,K,K,K,K,K,K,K,K,K,K,K,K,K,N,-,-,-,-,-,-,-,-,-
4802,SOBIESZYN,22 09,51 37,WIEPRZ,-,-,-,-,-,K,K,K,K,K,K,K,K,K,K,K,K,K,K,K,K,K,K,K,K,K,K,K,K,K,K,K,K,K,K,K,K,K,K,K,K,K,K,K,K,K,K,K,K,K,K,K,K,K,K,K,K,K,K,-,-,-,-,-,-,-,-,-,-,-,-,-,-,-,-,-,-,-,-,-
6813,SOLINA-JAWOR,22 28,49 24,SAN,-,-,-,-,-,-,-,-,-,-,-,-,-,-,-,-,-,-,-,-,-,-,-,-,-,-,-,-,-,-,K,K,K,K,K,K,K,K,K,K,K,K,K,K,K,K,K,K,K,K,K,K,K,K,K,K,K,K,K,K,K,K,K,K,K,K,K,K,K,K,K,K,K,K,K,N,-,-,-,-
5401,STARE OLESNO,18 22,50 54,STOBRAWA,-,-,-,-,-,-,-,-,-,-,-,-,-,-,-,-,-,-,-,-,-,-,-,-,-,-,-,-,-,-,K,K,K,K,K,K,K,K,K,K,K,K,K,K,K,K,K,K,K,K,K,K,K,K,K,K,K,K,K,K,K,K,K,K,-,-,-,-,-,-,-,-,-,-,-,-,-,-,-,-
3450,STARY BRZEŚĆ,18 56,52 37,ZGŁOWIĄCZKA,-,-,-,-,-,-,-,-,-,-,-,-,-,-,-,-,-,-,-,-,-,-,-,-,-,-,-,-,-,-,-,-,-,-,-,-,K,K,K,K,K,K,K,K,-,-,-,-,-,-,-,-,-,-,-,-,-,-,-,-,-,-,-,-,-,-,-,-,-,-,-,-,-,-,-,-,-,-,-,-
5705,STASZÓW,21 11,50 36,CZARNA,-,-,-,-,-,-,-,-,-,-,K,K,K,K,K,K,K,K,K,K,K,K,N,K,K,K,K,K,K,K,K,K,K,K,K,K,K,K,K,K,K,K,K,K,K,K,K,K,K,K,K,K,K,K,K,K,K,K,K,K,K,K,K,K,K,K,K,K,K,K,K,K,K,K,K,N,-,-,-,-
5927,STRZYŻÓW,24 02,50 51,BUG,-,-,-,-,-,-,-,-,-,-,-,-,-,-,-,-,-,-,-,-,-,-,-,-,-,-,-,-,-,-,-,-,-,-,-,-,-,-,-,-,-,-,-,-,-,-,-,-,-,-,N,K,K,K,K,K,K,K,K,K,K,K,K,K,K,K,K,K,K,K,K,K,K,K,K,N,-,-,-,-
6850,STUPOSIANY,22 41,49 11,SAN,-,-,-,-,-,-,-,-,-,-,-,-,-,-,-,-,-,-,-,-,-,-,-,-,-,-,-,K,K,K,K,K,K,K,K,N,K,K,K,N,K,K,K,K,K,K,K,K,K,K,K,K,K,K,K,K,K,K,K,K,K,K,K,K,K,K,K,K,-,-,-,-,-,-,-,-,-,-,-,-
5407,SUKOWICE,18 10,50 16,ODRA,-,-,-,-,-,-,-,-,-,-,K,K,K,K,K,K,K,K,K,K,K,K,K,K,K,K,K,K,K,K,K,K,K,K,K,K,K,K,K,K,K,K,K,K,K,K,K,K,K,K,K,K,K,K,K,K,K,K,K,K,K,K,K,K,N,-,-,-,-,-,-,-,-,-,-,-,-,-,-,-
469,SULEJÓW,19 51 52,51 21 10,PILICA,-,-,-,-,-,-,-,-,-,-,N,K,K,K,K,-,-,-,-,-,-,-,-,-,-,-,-,-,-,-,-,-,-,-,-,-,-,-,-,-,-,-,-,-,-,-,-,-,-,-,-,-,-,-,-,-,-,-,-,-,-,-,-,-,-,-,-,-,-,-,-,-,-,-,-,-,-,-,-,-
3103,SULĘCIN,15 06,52 27,KANAŁ POSTOMSKI,-,-,-,-,-,-,-,-,-,-,K,K,K,K,K,K,K,K,K,K,K,K,K,K,K,K,K,K,K,K,N,N,-,N,K,-,-,-,-,-,-,-,-,-,-,-,-,-,-,-,-,-,-,-,-,-,-,-,-,-,-,-,-,-,-,-,-,-,-,-,-,-,-,-,-,-,-,-,-,-
2950,SUPRAŚL,23 19 56,53 12 39,NAREW,-,-,-,-,-,-,-,-,-,-,-,-,-,-,-,-,-,-,-,-,-,-,-,-,-,-,-,-,-,-,-,-,-,-,-,-,-,-,-,-,-,-,-,-,-,-,-,-,-,-,-,-,-,-,-,-,-,-,-,-,-,K,K,K,-,-,-,-,-,-,-,-,-,-,-,-,-,-,-,-
195,SUWAŁKI,22 56 56,54 07 51,CZARNA HAŃCZA,K,K,K,K,K,K,K,K,K,K,K,K,K,K,K,-,-,-,-,-,-,-,-,-,-,-,-,-,-,-,-,-,-,-,-,-,-,-,-,-,-,-,-,-,-,-,-,-,-,-,-,-,-,-,-,-,-,-,-,-,-,-,-,-,-,-,-,-,-,-,-,-,-,-,-,-,-,-,-,-
3203,SZAMOTUŁY-BABORÓWKO,16 38,52 35,WARTA,K,K,K,K,K,K,K,K,K,K,K,K,K,K,K,K,K,K,K,K,K,K,K,K,K,K,K,K,K,K,K,K,K,K,K,K,K,K,K,K,K,K,K,K,K,K,K,K,K,K,K,K,K,K,K,K,K,K,K,K,K,K,K,K,-,-,-,-,-,-,-,-,-,-,-,-,-,-,-,-
5203,SZCZAWNO-ZDRÓJ,16 14,50 48,STRZEGOMKA,-,-,-,-,-,K,K,K,K,K,K,K,K,K,K,K,K,K,K,K,K,K,K,K,K,K,K,K,K,K,K,K,K,K,K,K,K,K,K,N,K,K,K,K,K,K,K,K,K,N,K,K,N,K,K,K,K,K,K,K,K,K,K,K,-,-,-,-,-,-,-,-,-,-,-,-,-,-,-,-
205,SZCZECIN,14 37 22,53 23 43,ODRA,K,K,K,K,K,K,K,K,K,K,K,K,K,K,K,-,-,-,-,-,-,-,-,-,-,-,-,-,-,-,-,-,-,-,-,-,-,-,-,-,-,-,-,-,-,-,-,-,-,-,-,-,-,-,-,-,-,-,-,-,-,-,-,-,-,-,-,-,-,-,-,-,-,-,-,-,-,-,-,-
215,SZCZECINEK,16 44 48,53 42 53,GWDA,K,K,K,K,K,K,K,K,K,K,K,K,K,K,K,-,-,-,-,-,-,-,-,-,-,-,-,-,-,-,-,-,-,-,-,-,-,-,-,-,-,-,-,-,-,-,-,-,-,-,-,-,-,-,-,-,-,-,-,-,-,-,-,-,-,-,-,-,-,-,-,-,-,-,-,-,-,-,-,-
5502,SZCZEKOCINY,19 48,50 38,PILICA,-,-,-,-,-,-,-,-,-,-,-,-,-,-,-,-,-,-,-,-,-,-,-,-,-,-,-,-,-,-,-,-,-,-,-,K,K,K,K,-,-,-,-,-,-,-,-,-,-,-,-,-,-,-,-,-,-,-,-,-,-,-,-,-,-,-,-,-,-,-,-,-,-,-,-,-,-,-,-,-
2803,SZCZUCZYN,22 17,53 34,BIEBRZA,-,-,-,-,-,-,-,-,-,-,K,K,K,K,K,K,K,K,K,K,K,K,K,K,K,K,K,K,K,N,N,-,-,-,-,-,-,-,-,-,-,-,-,-,-,-,-,-,-,-,-,-,-,-,-,-,-,-,-,-,-,-,-,-,-,-,-,-,-,-,-,-,-,-,-,-,-,-,-,-
2702,SZCZYTNO,21 01,53 35,OMULEW,K,K,K,K,K,K,K,K,K,K,K,K,K,K,K,K,K,K,K,K,N,K,K,K,N,N,N,K,K,K,K,K,K,K,K,K,K,K,K,K,K,N,K,N,K,K,K,K,K,K,K,K,K,K,N,K,K,K,K,K,K,K,K,K,K,K,K,N,-,-,-,-,-,-,-,-,-,-,-,-
3801,SZEPIETOWO,22 33,52 51,NURZEC,K,K,K,K,K,K,K,K,K,K,K,K,K,K,K,K,K,K,K,K,K,K,K,K,K,K,K,K,K,K,K,K,K,K,K,K,K,K,K,K,N,K,K,K,K,K,K,K,K,K,K,K,K,K,K,K,K,K,K,K,K,K,K,K,K,K,K,K,K,K,K,K,K,K,K,N,-,-,-,-
5103,SZKLARSKA PORĘBA,15 32,50 50,BÓBR,-,-,-,-,-,-,-,-,-,-,-,-,-,-,-,-,-,-,-,-,-,-,-,-,-,-,-,-,-,-,-,-,-,-,-,K,K,K,N,-,-,N,N,K,K,N,K,K,K,K,N,K,K,K,K,K,K,K,K,K,K,K,K,K,-,-,-,-,-,-,-,-,-,-,-,-,-,-,-,-
4102,SZPROTAWA,15 32,51 34,BÓBR,-,-,-,-,-,-,-,-,-,-,K,K,K,K,K,K,K,K,N,K,K,K,K,K,K,K,K,K,K,N,K,N,K,K,K,K,K,K,N,-,-,-,-,-,-,-,-,-,-,-,-,-,-,-,-,-,-,-,-,-,-,-,-,-,-,-,-,-,-,-,-,-,-,-,-,-,-,-,-,-
2402,ŚLIWICE,18 11,53 42,WDA,K,K,K,K,K,K,K,K,K,K,K,K,K,K,K,K,K,K,K,K,K,K,K,K,K,K,K,K,K,K,K,K,K,K,K,K,K,K,K,K,K,K,K,K,K,K,K,K,K,K,K,K,K,K,K,K,K,K,K,K,K,K,K,K,N,-,-,-,-,-,-,-,-,-,-,-,-,-,-,-
510,ŚNIEŻKA,15 44 22,50 44 10,BÓBR,K,K,K,K,K,K,K,K,K,K,K,K,K,K,K,-,-,-,-,-,-,-,-,-,-,-,-,-,-,-,-,-,-,-,-,-,-,-,-,-,-,-,-,-,-,-,-,-,-,-,-,-,-,-,-,-,-,-,-,-,-,-,-,-,-,-,-,-,-,-,-,-,-,-,-,-,-,-,-,-
3706,ŚWIDER,21 15,52 07,ŚWIDER,-,-,-,-,-,K,K,K,K,K,K,K,K,K,K,K,K,K,K,K,K,K,K,K,K,K,K,K,K,K,K,K,K,K,K,K,K,K,K,K,K,K,K,K,-,-,-,-,-,-,-,-,-,-,-,-,-,-,-,-,-,-,-,-,-,-,-,-,-,-,-,-,-,-,-,-,-,-,-,-
5202,ŚWIDNICA,16 28,50 51,BYSTRZYCA,-,-,-,-,-,-,-,-,-,-,K,K,K,K,K,K,K,K,K,K,K,K,K,K,K,K,K,K,N,-,-,-,-,-,-,-,-,-,-,-,-,-,-,-,-,-,-,-,-,-,-,-,-,-,-,-,-,-,-,-,-,-,-,-,-,-,-,-,-,-,-,-,-,-,-,-,-,-,-,-
5101,ŚWIERADÓW-ZDRÓJ,15 20,50 54,KWISA,-,-,-,-,-,-,-,-,-,-,-,-,-,-,-,-,-,-,-,-,-,-,-,-,-,-,-,-,-,-,-,-,-,-,-,-,-,-,K,K,K,K,K,K,K,K,K,K,K,K,K,K,K,K,K,K,K,K,K,K,K,K,K,K,-,-,-,-,-,-,-,-,-,-,-,-,-,-,-,-
5404,ŚWIERKLANIEC,18 57,50 26,PRZEMSZA,-,-,-,-,-,-,-,-,-,-,K,K,K,K,K,K,K,K,K,K,K,K,K,K,K,K,K,K,K,K,K,K,K,K,K,K,K,K,K,K,K,K,K,K,K,K,K,K,K,K,K,K,K,K,K,K,K,K,K,K,K,K,K,K,N,-,-,-,-,-,-,-,-,-,-,-,-,-,-,-
2705,ŚWIĘTAJNO,21 13 40,53 33 48,null,-,-,-,-,-,-,-,-,-,-,-,-,-,-,-,-,-,-,-,-,-,-,-,-,-,-,-,-,-,-,-,-,-,-,-,-,-,-,-,-,-,-,-,-,-,-,-,-,-,-,-,-,-,-,-,-,-,-,-,-,-,-,-,-,-,-,-,N,-,-,-,-,-,-,-,-,-,-,-,-
5701,ŚWIĘTY KRZYŻ,21 03,50 51,KAMIENNA,-,-,-,-,-,-,-,-,-,-,-,-,-,-,-,-,-,-,-,-,-,-,-,-,-,-,-,-,-,-,-,-,-,-,-,-,-,-,-,N,K,K,K,K,K,K,K,K,K,K,K,N,K,K,K,K,N,N,K,K,K,K,K,K,K,K,K,K,K,K,K,K,K,K,K,N,-,-,-,-
200,ŚWINOUJŚCIE,14 14 32,53 55 24,PRZYMORZE,K,K,K,K,K,K,K,K,K,K,K,K,K,K,K,-,-,-,-,-,-,-,-,-,-,-,-,-,-,-,-,-,-,-,-,-,-,-,-,-,-,-,-,-,-,-,-,-,-,-,-,-,-,-,-,-,-,-,-,-,-,-,-,-,-,-,-,-,-,-,-,-,-,-,-,-,-,-,-,-
5804,TARNOGRÓD,22 45,50 22,TANEW,-,-,-,-,-,-,-,-,-,-,K,K,K,K,K,K,K,K,K,K,K,K,K,K,K,K,K,K,K,K,K,K,K,K,K,K,K,K,K,K,K,K,K,K,K,K,N,-,-,-,-,-,-,-,-,-,-,-,-,-,-,-,-,-,-,-,-,-,-,-,-,-,-,-,-,-,-,-,-,-
575,TARNÓW,20 59 04,50 01 48,DUNAJEC,K,K,K,K,K,K,K,K,K,K,K,K,K,K,K,-,-,-,-,-,-,-,-,-,-,-,-,-,-,-,-,-,-,-,-,-,-,-,-,-,-,-,-,-,-,-,-,-,-,-,-,-,-,-,-,-,-,-,-,-,-,-,-,-,-,-,-,-,-,-,-,-,-,-,-,-,-,-,-,-
5205,TARNÓW,16 48,50 35,NYSA KŁODZKA,-,-,-,-,-,-,-,-,-,-,-,-,-,-,-,-,-,-,-,-,-,-,-,-,-,-,-,-,-,-,-,-,-,-,-,-,-,K,K,K,K,K,K,K,K,K,K,K,K,K,K,K,K,K,K,K,K,K,K,K,K,K,K,K,K,K,K,K,K,K,K,K,-,-,-,-,-,-,-,-
399,TERESPOL,23 37 17,52 04 42,BUG,-,-,-,-,K,K,K,K,K,K,K,K,K,K,K,-,-,-,-,-,-,-,-,-,-,-,-,-,-,-,-,-,-,-,-,-,-,-,-,-,-,-,-,-,-,-,-,-,-,-,-,-,-,-,-,-,-,-,-,-,-,-,-,-,-,-,-,-,-,-,-,-,-,-,-,-,-,-,-,-
6812,TERKA,22 26,49 18,SAN,-,-,-,-,-,-,-,-,-,-,-,-,-,-,-,-,-,-,-,-,-,-,-,-,-,-,-,-,-,-,K,N,K,K,K,K,K,K,K,K,K,K,K,K,K,K,K,K,K,K,K,K,K,K,K,K,K,K,K,K,K,K,K,K,K,K,K,K,N,-,-,-,-,-,-,-,-,-,-,-
1502,TOLKMICKO,19 32,54 19,ZALEW WIŚLANY,K,K,K,K,K,K,K,K,K,K,K,K,K,K,K,K,K,K,K,K,K,K,K,K,K,K,K,K,K,K,-,-,-,-,-,-,-,-,-,-,-,-,-,-,-,-,-,-,-,-,-,-,-,-,-,-,-,-,-,-,-,-,-,-,-,-,-,-,-,-,-,-,-,-,-,-,-,-,-,-
4104,TOMASZÓW BOLESŁAWIECKI,15 41,51 17,BÓBR,-,-,-,-,-,-,-,-,-,-,-,-,-,-,-,-,-,-,-,-,-,-,-,-,-,-,-,-,-,-,-,-,-,-,-,-,-,-,K,K,K,K,K,K,K,K,K,K,K,K,K,K,K,K,K,K,K,K,K,K,K,K,K,K,-,-,-,-,-,-,-,-,-,-,-,-,-,-,-,-
5902,TOMASZÓW LUBELSKI,23 24,50 27,BUG,K,K,K,K,K,K,K,K,K,K,K,K,K,K,K,K,K,K,K,K,K,K,K,K,K,K,K,K,K,K,K,K,K,K,K,K,K,K,K,K,K,K,K,K,K,K,K,K,K,K,K,K,K,K,K,K,K,K,K,K,K,K,K,K,K,K,K,-,-,-,-,-,-,-,-,-,-,-,-,-
3508,TOPOLA-BŁONIE,19 11,52 05,NER,-,-,-,-,-,-,-,-,-,-,K,K,K,K,K,K,K,K,K,K,K,K,K,K,K,K,K,K,K,K,K,K,K,K,K,K,N,K,N,-,-,-,-,-,-,-,-,-,-,-,-,-,-,-,-,-,-,-,-,-,-,-,-,-,-,-,-,-,-,-,-,-,-,-,-,-,-,-,-,-
250,TORUŃ,18 35 43,53 02 31,WISŁA,K,K,K,K,K,K,K,K,K,K,K,K,K,K,K,-,-,-,-,-,-,-,-,-,-,-,-,-,-,-,-,-,-,-,-,-,-,-,-,-,-,-,-,-,-,-,-,-,-,-,-,-,-,-,-,-,-,-,-,-,-,-,-,-,-,-,-,-,-,-,-,-,-,-,-,-,-,-,-,-
3001,TRZCIŃSKO-ZDRÓJ,14 36,52 58,TYWA,-,-,-,-,-,-,-,-,-,-,-,-,-,-,-,-,-,-,-,-,-,-,-,-,-,-,-,-,-,-,-,-,-,-,-,-,-,-,-,K,K,K,K,K,N,-,-,-,-,-,-,-,-,-,-,-,-,-,-,-,-,-,-,-,-,-,-,-,-,-,-,-,-,-,-,-,-,-,-,-
3105,TRZEBIECHÓW,15 44,52 01,OBRZYCA,-,-,-,-,-,-,-,-,-,-,K,K,K,K,K,K,K,K,K,K,K,K,K,K,K,K,K,K,K,K,K,K,K,K,K,K,-,-,-,-,-,-,-,-,-,-,-,-,-,-,-,-,-,-,-,-,-,-,-,-,-,-,-,-,-,-,-,-,-,-,-,-,-,-,-,-,-,-,-,-
2002,TRZEBIEŻ,14 32,53 40,ZALEW SZCZECIŃSKI,K,K,K,K,K,K,K,K,K,K,K,K,K,K,K,K,K,K,K,K,K,K,K,K,K,K,K,K,K,K,K,K,K,K,K,K,K,K,K,K,-,-,-,-,-,-,-,-,-,-,-,-,-,-,-,-,-,-,-,-,-,-,-,-,-,-,-,-,-,-,-,-,-,-,-,-,-,-,-,-
4901,UHNIN,23 02,51 34,TYŚMIENICA,-,-,-,-,-,-,-,-,-,-,-,-,-,-,-,-,-,-,-,-,-,-,-,-,-,-,-,-,-,-,-,-,-,-,-,-,-,K,K,K,K,K,-,-,-,-,-,-,-,-,-,-,-,-,-,-,-,-,-,-,-,-,-,-,-,-,-,-,-,-,-,-,-,-,-,-,-,-,-,-
115,USTKA,16 51 15,54 35 18,SŁUPIA,K,K,K,K,K,K,K,K,K,K,K,K,K,K,K,-,-,-,-,-,-,-,-,-,-,-,-,-,-,-,-,-,-,-,-,-,-,-,-,-,-,-,-,-,-,-,-,-,-,-,-,-,-,-,-,-,-,-,-,-,-,-,-,-,-,-,-,-,-,-,-,-,-,-,-,-,-,-,-,-
6502,WADOWICE,19 31,49 53,SKAWA,-,-,-,-,-,-,-,-,-,-,K,K,K,K,K,K,K,K,K,K,K,K,K,K,K,K,K,K,K,K,-,-,-,-,-,-,-,-,-,-,-,-,-,-,-,-,-,-,-,-,-,-,-,-,-,-,-,-,-,-,-,-,-,-,-,-,-,-,-,-,-,-,-,-,-,-,-,-,-,-
3612,WARSZAWA-BABICE,20 54 21,52 16 01,WISŁA,-,-,-,-,-,-,-,-,-,-,-,-,-,-,-,-,-,-,-,-,-,-,-,-,-,-,-,-,-,-,-,-,-,-,-,-,-,-,-,-,-,-,-,-,-,-,-,-,-,-,-,-,-,-,N,K,K,K,K,N,N,K,K,K,-,-,-,-,-,-,-,-,-,-,-,-,-,-,-,-
3604,WARSZAWA-BIELANY,20 58,52 17,WISŁA,K,K,K,K,K,K,K,K,K,K,K,K,K,K,K,K,K,K,K,K,K,K,K,K,K,K,K,K,K,K,K,K,K,K,K,K,K,K,K,K,K,K,K,K,K,K,K,K,K,K,K,K,K,K,K,K,K,K,K,K,K,K,K,K,K,K,K,K,K,K,K,K,N,-,-,-,-,-,-,-
3611,WARSZAWA-FILTRY,20 59 57,52 13 10,WISŁA,-,-,-,-,-,-,-,-,-,-,-,-,-,-,-,-,-,-,-,-,-,-,-,-,-,-,-,-,-,-,-,-,-,-,-,-,-,-,-,-,-,-,-,-,-,-,-,-,-,-,-,-,-,N,N,K,N,N,K,K,K,K,K,K,N,K,K,K,K,K,K,N,K,K,K,N,-,-,-,-
3704,WARSZAWA-OBSERWATORIUM,21 02,52 13,WISŁA,K,K,K,K,K,K,K,K,K,K,K,K,K,K,K,K,K,K,K,K,K,K,K,K,K,K,K,K,K,K,K,K,K,K,K,K,K,K,K,K,K,K,K,K,K,K,K,K,K,K,K,N,-,-,-,-,-,-,-,-,-,-,-,-,-,-,-,-,-,-,-,-,-,-,-,-,-,-,-,-
3708,WARSZAWA-OBSERWATORIUM,21 02,52 13,WISŁA,-,-,-,-,-,-,-,-,-,-,-,-,-,-,-,-,-,-,-,-,-,-,-,-,-,-,-,-,-,-,-,-,-,-,-,-,-,-,-,-,-,-,-,-,-,-,-,-,-,N,K,K,K,K,K,K,K,K,N,K,K,K,K,K,N,K,N,K,K,K,K,K,K,K,K,N,-,-,-,-
375,WARSZAWA-OKĘCIE,20 57 40,52 09 46,WISŁA,K,K,K,K,K,K,K,K,K,K,K,K,K,K,K,-,-,-,-,-,-,-,-,-,-,-,-,-,-,-,-,-,-,-,-,-,-,-,-,-,-,-,-,-,-,-,-,-,-,-,-,-,-,-,-,-,-,-,-,-,-,-,-,-,-,-,-,-,-,-,-,-,-,-,-,-,-,-,-,-
5901,WERBKOWICE,23 46,50 45,HUCZWA,-,-,-,-,-,-,-,-,-,-,K,K,K,K,K,K,K,K,K,K,K,K,K,K,K,K,K,K,K,K,K,K,K,K,K,K,K,K,K,K,K,N,K,N,K,K,K,K,K,-,-,-,-,-,-,-,-,-,-,-,-,-,-,-,-,-,-,-,-,-,-,-,-,-,-,-,-,-,-,-
5507,WĘGRZCE,19 59,50 07,WISŁA,-,-,-,-,-,-,-,-,-,-,-,-,-,-,-,-,-,-,-,-,-,-,-,-,-,-,-,-,-,-,-,-,-,-,-,-,-,K,K,K,K,N,-,-,-,-,-,-,-,-,-,-,-,-,-,-,-,-,-,-,-,-,-,-,-,-,-,-,-,-,-,-,-,-,-,-,-,-,-,-
3206,WIELICHOWO,16 21,52 07,OBRA,K,K,N,K,K,K,K,K,K,K,K,K,K,K,K,K,K,K,K,K,K,K,K,K,K,K,K,K,K,K,K,K,K,K,K,K,K,K,K,K,K,K,K,K,K,K,K,K,K,K,K,K,K,K,K,K,K,K,K,K,K,K,K,K,K,K,K,K,K,K,K,K,K,K,K,N,-,-,-,-
5609,WIELICZKA,20 03,50 00,WISŁA,-,-,-,-,-,-,-,-,-,-,K,K,K,K,K,K,K,K,K,K,K,K,K,K,K,K,K,K,K,K,K,K,K,K,K,K,K,K,K,K,K,K,K,K,K,K,K,K,N,-,-,-,-,-,-,-,-,-,-,-,-,-,-,-,-,-,-,-,-,-,-,-,-,-,-,-,-,-,-,-
455,WIELUŃ,18 33 28,51 12 40,WARTA,K,K,K,K,K,K,K,K,K,K,K,K,K,K,K,-,-,-,-,-,-,-,-,-,-,-,-,-,-,-,-,-,-,-,-,-,-,-,-,-,-,-,-,-,-,-,-,-,-,-,-,-,-,-,-,-,-,-,-,-,-,-,-,-,-,-,-,-,-,-,-,-,-,-,-,-,-,-,-,-
2202,WIERZCHOWO,16 07,53 28,DRAWA,-,-,-,-,-,-,-,-,-,-,K,K,K,K,K,K,K,K,K,K,K,K,K,K,K,K,K,K,K,K,K,K,K,K,K,K,K,K,K,K,K,K,K,K,K,K,K,K,K,K,K,K,K,K,K,K,K,K,K,K,K,K,K,K,-,-,-,-,-,-,-,-,-,-,-,-,-,-,-,-
4203,WIŃSKO,16 37,51 28,BARYCZ,-,-,-,-,-,K,K,K,K,K,K,K,K,K,K,K,K,K,K,K,K,K,K,K,K,K,K,K,K,-,-,-,-,-,-,-,-,-,-,-,-,-,-,-,-,-,-,-,-,-,-,-,-,-,-,-,-,-,-,-,-,-,-,-,-,-,-,-,-,-,-,-,-,-,-,-,-,-,-,-
6404,WISŁA,18 52,49 39,WISŁA,-,-,-,-,-,-,-,-,-,-,-,-,-,-,-,-,-,-,-,-,-,-,-,-,-,-,-,-,-,-,K,K,K,K,K,K,K,K,K,K,K,K,K,K,K,K,K,K,K,K,K,K,K,K,K,K,K,K,K,K,K,K,K,K,N,-,-,-,-,-,-,-,-,-,-,-,-,-,-,-
4301,WITASZYCE,17 33,51 57,WARTA,-,-,-,-,-,-,-,-,-,-,-,-,-,-,-,-,-,-,-,-,-,-,-,-,-,-,-,-,-,-,K,K,N,N,K,K,K,K,K,K,K,K,K,K,K,K,K,K,K,K,K,K,K,K,K,K,K,K,K,K,K,K,K,K,-,-,-,-,-,-,-,-,-,-,-,-,-,-,-,-
6520,WITÓW,19 50,49 20,DUNAJEC,-,-,-,-,-,-,-,-,-,-,K,K,K,K,K,N,K,K,K,K,K,K,K,K,K,K,K,K,K,K,K,K,K,K,K,K,K,K,K,K,K,K,K,K,-,-,-,-,-,-,-,-,-,-,-,-,-,-,-,-,-,-,-,-,-,-,-,-,-,-,-,-,-,-,-,-,-,-,-,-
4604,WŁOCHÓW,20 37,51 06,PILICA,-,-,-,-,-,-,-,-,-,-,-,-,-,-,-,-,-,-,-,-,-,-,-,-,-,-,-,-,-,-,-,-,-,-,-,N,K,K,N,K,K,K,K,K,-,-,-,-,-,-,-,-,-,-,-,-,-,-,-,-,-,-,-,-,-,-,-,-,-,-,-,-,-,-,-,-,-,-,-,-
497,WŁODAWA,23 31 46,51 33 12,BUG,K,K,K,K,K,K,K,K,K,K,K,K,K,K,K,-,-,-,-,-,-,-,-,-,-,-,-,-,-,-,-,-,-,-,-,-,-,-,-,-,-,-,-,-,-,-,-,-,-,-,-,-,-,-,-,-,-,-,-,-,-,-,-,-,-,-,-,-,-,-,-,-,-,-,-,-,-,-,-,-
2602,WROCIKOWO,20 41,53 50,WADĄG,-,-,-,-,-,-,-,-,-,-,-,-,-,-,-,-,-,-,-,-,-,-,-,-,-,-,-,-,-,-,-,-,-,-,-,-,-,K,K,K,K,N,-,-,-,-,-,-,-,-,-,-,-,-,-,-,-,-,-,-,-,-,-,-,-,-,-,-,-,-,-,-,-,-,-,-,-,-,-,-
424,WROCŁAW-STRACHOWICE,16 54 00,51 06 12,ODRA,K,K,K,K,K,K,K,K,K,K,K,K,K,K,K,-,-,-,-,-,-,-,-,-,-,-,-,-,-,-,-,-,-,-,-,-,-,-,-,-,-,-,-,-,-,-,-,-,-,-,-,-,-,-,-,-,-,-,-,-,-,-,-,-,-,-,-,-,-,-,-,-,-,-,-,-,-,-,-,-
2301,WYCZECHY,17 02,53 41,GWDA,-,-,-,-,-,-,-,-,-,-,-,-,-,-,-,-,-,-,-,-,-,-,-,-,-,-,-,-,-,-,-,-,-,-,-,-,-,K,K,K,K,N,-,-,-,-,-,-,-,-,-,-,-,-,-,-,-,-,-,-,-,-,-,-,-,-,-,-,-,-,-,-,-,-,-,-,-,-,-,-
5801,WYSOKIE,22 40,50 55,WIEPRZ,-,-,-,-,-,-,-,-,-,-,-,-,-,-,-,-,-,-,-,-,-,K,K,K,K,K,K,K,K,K,K,K,K,K,K,K,K,K,K,K,K,K,K,K,K,K,K,K,K,K,K,K,K,K,K,K,K,K,K,K,K,K,K,K,N,-,-,-,-,-,-,-,-,-,-,-,-,-,-,-
6707,WYSOWA,21 11,49 26,WISŁOKA,-,-,-,-,-,-,-,-,-,-,K,K,K,K,K,K,K,K,K,K,K,K,K,K,K,K,K,K,K,K,K,K,K,K,K,K,K,K,K,K,K,K,K,K,K,K,K,K,K,K,K,K,K,K,K,K,K,K,K,K,K,K,K,K,K,-,-,-,-,-,-,-,-,-,-,-,-,-,-,-
6801,ZADĄBROWIE,22 49,49 54,SAN,-,-,-,-,-,-,-,-,-,-,-,-,-,-,-,-,-,-,-,-,-,-,-,-,-,-,-,-,-,-,-,-,-,-,-,-,-,K,K,K,K,K,K,K,K,K,N,-,-,-,-,-,-,-,-,-,-,-,-,-,-,-,-,-,-,-,-,-,-,-,-,-,-,-,-,-,-,-,-,-
625,ZAKOPANE,19 57 37,49 17 38,DUNAJEC,K,K,K,K,K,K,K,K,K,K,K,K,K,K,K,-,-,-,-,-,-,-,-,-,-,-,-,-,-,-,-,-,-,-,-,-,-,-,-,-,-,-,-,-,-,-,-,-,-,-,-,-,-,-,-,-,-,-,-,-,-,-,-,-,-,-,-,-,-,-,-,-,-,-,-,-,-,-,-,-
595,ZAMOŚĆ,23 12 23,50 41 52,WIEPRZ,K,K,K,K,K,K,K,K,K,K,K,K,K,K,K,-,-,-,-,-,-,-,-,-,-,-,-,-,-,-,-,-,-,-,-,-,-,-,-,-,-,-,-,-,-,-,-,-,-,-,-,-,-,-,-,-,-,-,-,-,-,-,-,-,-,-,-,-,-,-,-,-,-,-,-,-,-,-,-,-
5751,ZAWADA,21 29,50 04,WISŁOKA,-,-,-,-,-,-,-,-,-,-,-,-,-,-,-,-,-,-,-,-,-,-,-,-,-,-,-,-,-,-,-,K,K,K,K,K,K,K,K,K,K,K,K,K,K,K,K,K,K,K,K,K,K,N,K,K,K,K,K,K,K,K,K,K,K,K,K,K,K,K,K,N,-,-,-,-,-,-,-,-
2703,ZAWODZIE,21 24,53 23,OMULEW,-,K,K,K,K,K,K,K,K,K,K,K,K,K,K,K,K,K,K,K,K,K,K,K,K,K,K,K,K,K,K,N,N,-,-,-,-,-,-,-,-,-,-,-,-,-,-,-,-,-,-,-,-,-,-,-,-,-,-,-,-,-,-,-,-,-,-,-,-,-,-,-,-,-,-,-,-,-,-,-
6513,ZAWOJA,19 31,49 37,SKAWA,-,-,-,-,-,-,-,-,-,-,K,K,K,K,K,K,K,K,K,K,K,K,K,K,K,K,K,K,K,K,K,K,K,K,K,K,K,K,K,K,K,K,K,K,K,K,K,K,K,K,K,K,K,K,K,K,K,K,K,K,K,K,K,K,K,N,K,N,N,-,-,-,-,-,-,-,-,-,-,-
5505,ZĄBKOWICE,19 17,50 22,PRZEMSZA,-,-,-,-,-,-,-,-,-,-,K,K,K,K,K,K,K,K,K,K,K,K,K,K,K,K,K,K,K,K,K,K,K,K,K,K,K,K,K,K,K,K,K,K,K,K,K,K,K,K,K,K,K,K,K,K,K,K,N,-,-,-,-,-,-,-,-,-,-,-,-,-,-,-,-,-,-,-,-,-
6606,ZBYSZYCE,20 40,49 42,DUNAJEC,-,-,-,-,-,-,-,-,-,-,-,-,-,-,-,-,-,-,-,-,-,-,-,-,-,-,-,-,-,-,-,-,-,-,-,-,-,-,-,-,K,K,K,K,K,K,N,-,-,-,-,-,-,-,-,-,-,-,-,-,-,-,-,-,-,-,-,-,-,-,-,-,-,-,-,-,-,-,-,-
405,ZGORZELEC,15 02,51 08,NYSA ŁUŻYCKA,K,K,K,K,K,K,K,K,K,K,K,K,K,K,K,-,-,-,-,-,-,-,-,-,-,-,-,-,-,-,-,-,-,-,-,-,-,-,-,-,-,-,-,-,-,-,-,-,-,-,-,-,-,-,-,-,-,-,-,-,-,-,-,-,-,-,-,-,-,-,-,-,-,-,-,-,-,-,-,-
4106,ZGORZELEC,15 01 35,51 08 08,NYSA ŁUŻYCKA,K,K,K,K,K,K,K,K,K,K,K,K,K,K,K,-,-,-,-,-,-,-,-,-,-,K,K,K,K,K,K,K,K,K,K,K,K,K,K,K,K,K,K,K,K,K,K,K,K,K,K,K,K,K,K,K,K,-,-,-,-,-,-,-,-,-,-,-,-,-,-,-,-,-,-,-,-,-,-,-
400,ZIELONA GÓRA,15 31 28,51 55 49,ODRA,K,K,K,K,K,K,K,K,K,K,K,K,K,K,K,-,-,-,-,-,-,-,-,-,-,-,-,-,-,-,-,-,-,-,-,-,-,-,-,-,-,-,-,-,-,-,-,-,-,-,-,-,-,-,-,-,-,-,-,-,-,-,-,-,-,-,-,-,-,-,-,-,-,-,-,-,-,-,-,-
4206,ZYBISZÓW,16 55,51 04,ODRA,-,-,-,-,-,-,-,-,-,-,-,-,-,-,-,-,-,-,-,-,-,-,-,-,-,-,-,-,-,-,-,-,-,-,-,-,-,K,K,K,K,N,-,-,-,-,-,-,-,-,-,-,-,-,-,-,-,-,-,-,-,-,-,-,-,-,-,-,-,-,-,-,-,-,-,-,-,-,-,-
6701,ŻARNOWA,21 49,49 53,WISŁOK,-,-,-,-,-,-,-,-,-,-,K,K,K,K,K,K,K,K,K,K,K,K,K,K,K,K,K,K,K,K,K,K,K,K,K,K,K,K,K,K,K,K,K,K,K,K,N,-,-,-,-,-,-,-,-,-,-,-,-,-,-,-,-,-,-,-,-,-,-,-,-,-,-,-,-,-,-,-,-,-
6851,ŻUBRACZE,22 16 07,49 12 23,SAN,-,-,-,-,-,-,-,-,-,-,-,-,-,-,-,-,-,-,-,-,-,-,-,-,-,-,-,-,-,-,-,-,-,-,-,-,-,-,-,-,N,N,K,K,K,K,K,K,N,-,-,-,-,-,-,-,-,-,-,-,-,-,-,-,-,-,-,-,-,-,-,-,-,-,-,-,-,-,-,-
6509,ŻYWIEC,19 14,49 43,SOŁA,-,-,-,-,-,-,-,-,-,-,K,K,K,K,K,K,K,K,N,K,K,K,K,K,K,K,K,K,K,K,K,K,K,K,-,-,-,-,-,-,-,-,-,-,-,-,-,-,-,-,-,-,-,-,-,-,-,-,-,-,-,-,-,-,-,-,-,-,-,-,-,-,-,-,-,-,-,-,-,-
